12.492292, 50.784447
12.491992, 50.784283
12.491547, 50.784066
12.491075, 50.783881
12.490471, 50.783699
12.489664, 50.78354
12.489167, 50.783477
12.48893, 50.783456
12.488847, 50.783449
12.488666, 50.783506
12.488487, 50.783568
12.48834, 50.783663
12.488316, 50.783781
12.488238, 50.784173
12.488231, 50.784332
12.488295, 50.784466
12.488359, 50.784559
12.488481, 50.784645
12.488676, 50.784713
12.488897, 50.784739
12.489183, 50.78468
12.48942, 50.784627
12.489617, 50.784498
12.490133, 50.784139
12.490427, 50.783908
12.491531, 50.782893
12.492209, 50.782072
12.492669, 50.781351
12.492968, 50.780748
12.493209, 50.780131
12.493267, 50.779928
12.493436, 50.779197
12.493495, 50.778586
12.493512, 50.777956
12.493515, 50.777653
12.49353, 50.77621
12.493566, 50.775792
12.493662, 50.77527
12.493785, 50.77474
12.49395, 50.774234
12.49424, 50.773607
12.494662, 50.772913
12.495004, 50.772444
12.495391, 50.771961
12.495926, 50.771424
12.497126, 50.770427
12.499386, 50.768624
12.499681, 50.768359
12.500144, 50.767879
12.500742, 50.767212
12.501146, 50.766639
12.501561, 50.765978
12.501772, 50.765572
12.501915, 50.765165
12.502013, 50.764865
12.502104, 50.764539
12.502151, 50.764324
12.502275, 50.763339
12.502306, 50.762815
12.502346, 50.760565
12.502332, 50.758924
12.502257, 50.757313
12.502202, 50.756566
12.501879, 50.752638
12.501836, 50.750605
12.501934, 50.747034
12.501901, 50.746429
12.501779, 50.745805
12.501527, 50.744974
12.501319, 50.744456
12.500911, 50.743741
12.500817, 50.743608
12.500368, 50.74297
12.499343, 50.741516
12.499312, 50.741481
12.49914, 50.741203
12.499098, 50.74112
12.498962, 50.74092
12.498948, 50.740887
12.498891, 50.740784
12.49883, 50.740634
12.498792, 50.740506
12.498759, 50.740378
12.49873, 50.740122
12.49872, 50.739988
12.498725, 50.739857
12.498793, 50.739522
12.498872, 50.739336
12.498964, 50.739143
12.499134, 50.738913
12.49922, 50.738797
12.499327, 50.738694
12.499389, 50.738637
12.499663, 50.738384
12.500004, 50.738127
12.500586, 50.737671
12.500918, 50.737295
12.500986, 50.737192
12.50104, 50.737076
12.501108, 50.736796
12.501124, 50.736617
12.50112, 50.736434
12.501077, 50.736176
12.500979, 50.735935
12.500838, 50.735744
12.500709, 50.735574
12.50056, 50.735404
12.500254, 50.735073
12.500062, 50.734813
12.500029, 50.734749
12.499982, 50.73466
12.499896, 50.734336
12.499852, 50.734046
12.499831, 50.733906
12.499805, 50.733753
12.499758, 50.733564
12.499654, 50.733365
12.49931, 50.732809
12.499186, 50.732574
12.499095, 50.73228
12.499075, 50.732106
12.499081, 50.731931
12.499206, 50.731198
12.499299, 50.730577
12.499321, 50.730363
12.499323, 50.730326
12.49933, 50.730201
12.499324, 50.730051
12.499349, 50.729745
12.499392, 50.729442
12.499412, 50.72925
12.499408, 50.72906
12.499414, 50.728818
12.499467, 50.728474
12.499482, 50.728409
12.499551, 50.728187
12.499602, 50.727934
12.499618, 50.727862
12.499727, 50.727275
12.499774, 50.727019
12.49978, 50.726983
12.499798, 50.726888
12.499814, 50.726657
12.499886, 50.726214
12.499982, 50.725771
12.500081, 50.725319
12.500246, 50.724771
12.50068, 50.723282
12.500703, 50.723205
12.500799, 50.722846
12.500955, 50.72253
12.501117, 50.722345
12.501361, 50.722075
12.501534, 50.721913
12.501735, 50.721648
12.501785, 50.721554
12.501957, 50.721131
12.501974, 50.720985
12.501973, 50.720848
12.501682, 50.719414
12.501202, 50.718049
12.501149, 50.717904
12.501146, 50.717895
12.501084, 50.717754
12.500926, 50.717419
12.500703, 50.716844
12.500681, 50.71679
12.500551, 50.71667
12.500474, 50.716477
12.500267, 50.716353
12.500076, 50.716295
12.499831, 50.716179
12.499796, 50.716099
12.499733, 50.715961
12.499686, 50.715859
12.499605, 50.715681
12.499571, 50.715582
12.499494, 50.715322
12.49948, 50.715241
12.499449, 50.715068
12.499449, 50.714964
12.499484, 50.714819
12.499063, 50.714762
12.498999, 50.714756
12.498512, 50.71472
12.498361, 50.714752
12.498153, 50.714759
12.49781, 50.714771
12.49707, 50.714827
12.49697, 50.714833
12.496866, 50.714837
12.496769, 50.714841
12.496621, 50.714847
12.496369, 50.714857
12.496062, 50.714859
12.495862, 50.714857
12.495651, 50.714841
12.495476, 50.714819
12.495384, 50.714803
12.49526, 50.714781
12.49514, 50.714759
12.493615, 50.714311
12.493693, 50.714204
12.493756, 50.714089
12.494077, 50.713561
12.494221, 50.713097
12.494308, 50.712674
12.494404, 50.712403
12.494457, 50.712216
12.494637, 50.711542
12.494799, 50.710935
12.494846, 50.710798
12.494868, 50.710721
12.494961, 50.710525
12.495145, 50.710138
12.495169, 50.710073
12.495198, 50.710015
12.495253, 50.709856
12.495273, 50.709767
12.495282, 50.709679
12.49528, 50.709335
12.495235, 50.708789
12.495043, 50.708299
12.495023, 50.708237
12.494998, 50.70817
12.494898, 50.707906
12.49474, 50.70749
12.494455, 50.706766
12.494226, 50.706121
12.494194, 50.706035
12.49414, 50.705898
12.493919, 50.705323
12.493651, 50.704884
12.493431, 50.704565
12.493179, 50.704252
12.493029, 50.70406
12.492956, 50.703979
12.492824, 50.703861
12.492728, 50.703784
12.492629, 50.703714
12.492391, 50.703556
12.492116, 50.7034
12.491815, 50.703243
12.491547, 50.703129
12.491049, 50.702909
12.490631, 50.7027
12.490376, 50.702558
12.490315, 50.702524
12.490119, 50.702414
12.489583, 50.702156
12.489029, 50.701898
12.488491, 50.701678
12.488091, 50.701509
12.487683, 50.701354
12.487077, 50.701152
12.486497, 50.700955
12.48617, 50.70082
12.485456, 50.700511
12.485132, 50.700337
12.484656, 50.700069
12.484363, 50.699905
12.483583, 50.699419
12.482868, 50.698876
12.482704, 50.698753
12.482519, 50.698613
12.482123, 50.698285
12.481896, 50.698086
12.481607, 50.697827
12.481338, 50.697567
12.481081, 50.697299
12.480947, 50.697153
12.480842, 50.696991
12.480793, 50.69691
12.480758, 50.69681
12.480702, 50.696662
12.480646, 50.696513
12.4806, 50.696407
12.480471, 50.696271
12.480395, 50.696204
12.480324, 50.696142
12.480031, 50.695883
12.479952, 50.695816
12.479833, 50.695715
12.479654, 50.695563
12.479556, 50.695484
12.47931, 50.695282
12.479097, 50.695215
12.478824, 50.695146
12.47842, 50.695039
12.47821, 50.694974
12.477873, 50.694878
12.477464, 50.694762
12.477168, 50.694647
12.477013, 50.694579
12.476524, 50.694376
12.476053, 50.694093
12.475758, 50.69394
12.475585, 50.693862
12.475497, 50.693828
12.475412, 50.693808
12.47501, 50.693694
12.474933, 50.693669
12.474865, 50.693647
12.474697, 50.69358
12.474539, 50.693519
12.474459, 50.693479
12.474357, 50.693421
12.474258, 50.693343
12.474095, 50.693204
12.473532, 50.692639
12.47339, 50.692454
12.473291, 50.692308
12.473246, 50.692244
12.472904, 50.691746
12.472733, 50.691494
12.472585, 50.691239
12.472438, 50.690859
12.472332, 50.69036
12.472241, 50.690168
12.472092, 50.690017
12.471854, 50.689878
12.471491, 50.689619
12.471145, 50.689322
12.470657, 50.688867
12.470407, 50.68857
12.470135, 50.688045
12.470072, 50.687869
12.470075, 50.687702
12.470198, 50.686935
12.470227, 50.686713
12.470277, 50.686326
12.470269, 50.685891
12.470244, 50.685492
12.470226, 50.685412
12.470184, 50.685329
12.47004, 50.685186
12.469917, 50.685259
12.469485, 50.685458
12.469146, 50.68556
12.468751, 50.685646
12.468559, 50.685674
12.468042, 50.685702
12.467419, 50.685666
12.466384, 50.68557
12.466266, 50.685561
12.465711, 50.685522
12.463689, 50.685333
12.463641, 50.685328
12.461396, 50.685113
12.460885, 50.685069
12.460624, 50.685049
12.460372, 50.685042
12.460212, 50.685047
12.460049, 50.685052
12.459884, 50.685069
12.459719, 50.685096
12.459544, 50.685134
12.459359, 50.68519
12.459177, 50.68526
12.45902, 50.685335
12.458794, 50.685457
12.458609, 50.685575
12.458488, 50.685674
12.458401, 50.685776
12.458295, 50.685899
12.458058, 50.685844
12.457967, 50.685829
12.457391, 50.685733
12.457168, 50.685696
12.456926, 50.685646
12.456726, 50.685604
12.456651, 50.685589
12.456314, 50.685519
12.455205, 50.685288
12.454607, 50.685165
12.454396, 50.685102
12.453419, 50.684812
12.452714, 50.684622
12.451574, 50.684408
12.450723, 50.684201
12.450169, 50.68401
12.44991, 50.683921
12.449155, 50.683658
12.448898, 50.683595
12.448053, 50.683417
12.44729, 50.683259
12.444732, 50.682876
12.444624, 50.683083
12.444556, 50.683286
12.444534, 50.68337
12.444544, 50.68348
12.444614, 50.683595
12.444743, 50.683632
12.44493, 50.683678
12.445111, 50.683657
12.445489, 50.683514
12.445863, 50.683174
12.446058, 50.682974
12.446202, 50.682855
12.446575, 50.682401
12.446775, 50.682148
12.446856, 50.682014
12.446987, 50.681816
12.447066, 50.681672
12.447252, 50.681339
12.447423, 50.680913
12.447583, 50.680428
12.447675, 50.680177
12.447718, 50.679913
12.447789, 50.679251
12.447724, 50.678576
12.447707, 50.678491
12.447694, 50.678426
12.447646, 50.678196
12.447526, 50.677803
12.447407, 50.677439
12.447133, 50.676885
12.446932, 50.676533
12.446684, 50.676131
12.446311, 50.675684
12.445894, 50.675232
12.445475, 50.674806
12.445038, 50.674422
12.444781, 50.674175
12.444639, 50.674033
12.444583, 50.673967
12.444281, 50.673619
12.44399, 50.673265
12.443786, 50.672926
12.443496, 50.672347
12.44333, 50.671954
12.443186, 50.671523
12.443159, 50.671423
12.443117, 50.671257
12.442987, 50.670629
12.442974, 50.67042
12.443062, 50.669403
12.443094, 50.669207
12.443167, 50.668884
12.443266, 50.668539
12.44345, 50.6681
12.443806, 50.667436
12.444268, 50.666573
12.444521, 50.666014
12.444639, 50.665661
12.444754, 50.665068
12.444764, 50.664667
12.444711, 50.664195
12.444564, 50.663682
12.444142, 50.662235
12.443998, 50.661529
12.444015, 50.660903
12.444121, 50.660361
12.444316, 50.659764
12.444499, 50.659404
12.444759, 50.658903
12.444872, 50.658686
12.445127, 50.658182
12.445336, 50.657633
12.445441, 50.657234
12.445523, 50.656765
12.445532, 50.65633
12.445506, 50.655712
12.445491, 50.655422
12.445476, 50.655077
12.445523, 50.65439
12.445716, 50.653717
12.446263, 50.652443
12.446518, 50.65135
12.446561, 50.650773
12.446532, 50.650381
12.446461, 50.649968
12.446361, 50.649639
12.446202, 50.649214
12.446058, 50.648904
12.445942, 50.648684
12.445788, 50.648438
12.445614, 50.648199
12.445479, 50.648027
12.44531, 50.647823
12.445102, 50.647603
12.444869, 50.647372
12.442081, 50.644836
12.441868, 50.644644
12.440229, 50.64314
12.439922, 50.64289
12.439768, 50.642736
12.439597, 50.642493
12.439489, 50.64232
12.439399, 50.642147
12.439364, 50.642013
12.439337, 50.641858
12.439332, 50.641762
12.439322, 50.641662
12.439333, 50.641489
12.439385, 50.641243
12.439438, 50.641083
12.439454, 50.641036
12.4395, 50.640946
12.439559, 50.640849
12.439637, 50.640731
12.439717, 50.640619
12.439781, 50.640545
12.439886, 50.640417
12.439922, 50.640385
12.439897, 50.640276
12.439904, 50.640207
12.439894, 50.640147
12.439862, 50.640093
12.439595, 50.639911
12.43952, 50.639846
12.439133, 50.639651
12.438998, 50.639587
12.438861, 50.639523
12.438712, 50.639432
12.438585, 50.639347
12.438471, 50.639254
12.438376, 50.639166
12.438299, 50.639078
12.438237, 50.639
12.438189, 50.638929
12.437865, 50.638268
12.437794, 50.638152
12.437702, 50.638036
12.437605, 50.637934
12.437461, 50.637813
12.437316, 50.637716
12.437028, 50.637564
12.436662, 50.637342
12.436333, 50.637209
12.435673, 50.636933
12.435196, 50.636716
12.434505, 50.636398
12.434376, 50.636336
12.434016, 50.636157
12.43352, 50.635901
12.432969, 50.635597
12.432385, 50.63527
12.432067, 50.635079
12.430873, 50.63433
12.429036, 50.633152
12.427657, 50.632284
12.425882, 50.631153
12.422908, 50.629243
12.422326, 50.628836
12.421763, 50.628419
12.42106, 50.627861
12.420519, 50.627401
12.419904, 50.626829
12.419316, 50.626248
12.418246, 50.625136
12.417759, 50.624613
12.412176, 50.618666
12.411947, 50.618427
12.409917, 50.616272
12.408675, 50.614955
12.407348, 50.613562
12.40627, 50.612398
12.405628, 50.611716
12.404972, 50.611035
12.404471, 50.610577
12.403938, 50.610132
12.403353, 50.609709
12.402737, 50.609308
12.401862, 50.608808
12.401651, 50.608698
12.400897, 50.608339
12.400112, 50.60801
12.399383, 50.607742
12.39864, 50.607499
12.397974, 50.607312
12.3973, 50.60714
12.396574, 50.606986
12.395841, 50.60685
12.395041, 50.606738
12.394238, 50.606649
12.393653, 50.606597
12.393193, 50.60657
12.392748, 50.606551
12.392306, 50.606544
12.391841, 50.606542
12.391561, 50.606548
12.390707, 50.606578
12.389778, 50.606646
12.389342, 50.606688
12.389134, 50.606712
12.389053, 50.606721
12.388588, 50.606784
12.388043, 50.606859
12.38754, 50.606932
12.385617, 50.607221
12.384474, 50.607391
12.383808, 50.607491
12.383297, 50.607566
12.382574, 50.607664
12.382247, 50.607701
12.381998, 50.607726
12.381616, 50.607761
12.381186, 50.607787
12.380737, 50.607806
12.380127, 50.607815
12.379694, 50.607809
12.379097, 50.607789
12.37852, 50.60775
12.377937, 50.607696
12.377358, 50.607619
12.376153, 50.607415
12.375547, 50.607275
12.374948, 50.607121
12.373909, 50.606797
12.372977, 50.606427
12.372699, 50.606301
12.37209, 50.60601
12.371398, 50.605629
12.370986, 50.605369
12.370411, 50.604977
12.367995, 50.603214
12.367748, 50.603032
12.365585, 50.601456
12.36515, 50.601165
12.364954, 50.601039
12.364703, 50.600884
12.364261, 50.600632
12.363803, 50.600392
12.363426, 50.600211
12.36293, 50.599984
12.362414, 50.599771
12.361997, 50.599614
12.361574, 50.599468
12.360867, 50.599245
12.360145, 50.599048
12.359617, 50.598923
12.359085, 50.598809
12.358714, 50.598742
12.357766, 50.598592
12.356644, 50.598473
12.352004, 50.598154
12.351597, 50.598126
12.348838, 50.597935
12.34647, 50.597764
12.345194, 50.597597
12.34443, 50.59745
12.343932, 50.59735
12.34324, 50.597181
12.34275, 50.597047
12.342608, 50.597007
12.342114, 50.596851
12.341905, 50.596782
12.340355, 50.596235
12.339266, 50.595841
12.339119, 50.595789
12.337881, 50.595347
12.336977, 50.595016
12.336351, 50.594797
12.335916, 50.594642
12.335502, 50.594498
12.333915, 50.59393
12.332737, 50.593507
12.332445, 50.593398
12.332142, 50.593276
12.331807, 50.593137
12.331408, 50.592964
12.330613, 50.592566
12.329692, 50.592039
12.32895, 50.591529
12.328846, 50.591446
12.328231, 50.590946
12.325924, 50.588763
12.325843, 50.58869
12.325328, 50.588233
12.324848, 50.587848
12.324337, 50.587489
12.323923, 50.587209
12.322846, 50.586622
12.321809, 50.586146
12.321677, 50.586087
12.320887, 50.585795
12.320203, 50.585575
12.319526, 50.585381
12.318875, 50.585226
12.318121, 50.585063
12.317189, 50.584907
12.316035, 50.58473
12.31342, 50.584342
12.312012, 50.584131
12.311192, 50.583994
12.31025, 50.583802
12.309312, 50.583553
12.30861, 50.58334
12.307855, 50.583075
12.307709, 50.583017
12.306902, 50.582675
12.306283, 50.58238
12.30549, 50.58196
12.304501, 50.581423
12.302593, 50.580405
12.300502, 50.579246
12.299167, 50.578464
12.298367, 50.578025
12.297469, 50.577598
12.295919, 50.576989
12.293021, 50.576201
12.291814, 50.575862
12.290729, 50.575485
12.289765, 50.575061
12.288913, 50.574631
12.288002, 50.574036
12.287202, 50.573392
12.286642, 50.572856
12.28611, 50.572273
12.285757, 50.571759
12.285662, 50.571599
12.285538, 50.571373
12.285421, 50.571127
12.285158, 50.570505
12.284938, 50.569873
12.284747, 50.569317
12.284579, 50.568662
12.284476, 50.567951
12.284442, 50.567305
12.284391, 50.566181
12.284354, 50.565055
12.284314, 50.564245
12.284232, 50.56328
12.284089, 50.562472
12.28381, 50.561515
12.283757, 50.561364
12.283325, 50.56033
12.283071, 50.559812
12.282814, 50.55936
12.282462, 50.558812
12.282155, 50.558371
12.281784, 50.557887
12.281347, 50.557363
12.280966, 50.55695
12.280564, 50.55654
12.279989, 50.556012
12.279384, 50.555501
12.278706, 50.554936
12.278134, 50.554472
12.276271, 50.552936
12.274552, 50.551521
12.27285, 50.550125
12.271715, 50.549189
12.269884, 50.547694
12.268919, 50.546949
12.268417, 50.546589
12.266557, 50.545282
12.264728, 50.544016
12.264636, 50.543953
12.264454, 50.543821
12.262745, 50.542635
12.261893, 50.542053
12.260979, 50.541471
12.257183, 50.539634
12.25688, 50.539465
12.255968, 50.538958
12.255109, 50.538396
12.254815, 50.538203
12.253884, 50.537489
12.252746, 50.536426
12.252134, 50.535798
12.250427, 50.534096
12.248613, 50.532265
12.247348, 50.531096
12.245344, 50.529598
12.242928, 50.527978
12.242837, 50.527917
12.238066, 50.524707
12.237936, 50.524619
12.236685, 50.523774
12.235428, 50.522882
12.23463, 50.522253
12.234009, 50.521758
12.232408, 50.520459
12.231769, 50.519938
12.231135, 50.519426
12.229282, 50.517932
12.22574, 50.515117
12.225276, 50.514747
12.224961, 50.514501
12.221837, 50.511996
12.219424, 50.510164
12.217369, 50.508631
12.216647, 50.508141
12.216383, 50.507989
12.216096, 50.507823
12.215498, 50.507519
12.214736, 50.507172
12.21366, 50.506717
12.213419, 50.50662
12.209326, 50.50491
12.207971, 50.504345
12.206854, 50.503879
12.206097, 50.503547
12.205475, 50.503229
12.20486, 50.502876
12.203453, 50.501911
12.203409, 50.50188
12.202351, 50.501108
12.201918, 50.500788
12.200027, 50.499377
12.198598, 50.498354
12.19749, 50.497533
12.196695, 50.496935
12.196079, 50.496465
12.194943, 50.495549
12.193574, 50.494373
12.190573, 50.491792
12.189884, 50.491164
12.189348, 50.490564
12.189023, 50.490132
12.188782, 50.489792
12.188519, 50.489335
12.188327, 50.488934
12.188019, 50.488179
12.187466, 50.486521
12.185948, 50.482079
12.185281, 50.480119
12.184211, 50.477105
12.184137, 50.47689
12.183843, 50.475878
12.183734, 50.475106
12.183715, 50.474614
12.183749, 50.474109
12.183834, 50.473599
12.184005, 50.47301
12.184404, 50.472118
12.184964, 50.471015
12.185657, 50.469613
12.185886, 50.469063
12.185964, 50.468856
12.186036, 50.46862
12.186107, 50.46829
12.186166, 50.467988
12.186223, 50.467587
12.186234, 50.467177
12.186216, 50.466665
12.186125, 50.4661
12.186007, 50.465582
12.185802, 50.465002
12.185561, 50.464484
12.185271, 50.463982
12.184878, 50.463416
12.184178, 50.462612
12.183687, 50.462147
12.182593, 50.461245
12.181318, 50.460204
12.180664, 50.459668
12.179927, 50.459068
12.179856, 50.459009
12.176359, 50.456144
12.17628, 50.456078
12.175263, 50.45524
12.173973, 50.454163
12.17279, 50.45319
12.171556, 50.452163
12.17103, 50.451772
12.170183, 50.451161
12.169046, 50.450422
12.168454, 50.450046
12.166559, 50.448867
12.165744, 50.448355
12.164598, 50.447639
12.1639, 50.447169
12.16346, 50.446823
12.163044, 50.446466
12.161378, 50.444899
12.160912, 50.444453
12.16044, 50.444005
12.160097, 50.443689
12.159742, 50.443383
12.159271, 50.443023
12.158994, 50.442829
12.158444, 50.442488
12.158202, 50.442349
12.157163, 50.441767
12.156859, 50.441607
12.154219, 50.440149
12.150726, 50.438224
12.150493, 50.438099
12.149769, 50.437696
12.148871, 50.437238
12.148267, 50.436976
12.147735, 50.436767
12.14734, 50.436628
12.146715, 50.436421
12.146074, 50.436235
12.145469, 50.436084
12.144611, 50.435903
12.141692, 50.435332
12.139846, 50.434975
12.138808, 50.43481
12.138404, 50.43476
12.137894, 50.434716
12.137472, 50.434683
12.136892, 50.434648
12.135507, 50.43462
12.134251, 50.434591
12.12829, 50.434471
12.126735, 50.434432
12.125654, 50.434387
12.124675, 50.434339
12.122584, 50.434229
12.122327, 50.434211
12.119017, 50.434022
12.116736, 50.433862
12.111068, 50.433379
12.108321, 50.433141
12.107839, 50.433109
12.107325, 50.433088
12.106521, 50.433074
12.105828, 50.433084
12.105038, 50.433122
12.104198, 50.433179
12.103799, 50.433219
12.102988, 50.433331
12.102395, 50.433438
12.101774, 50.433565
12.101348, 50.433661
12.100789, 50.433806
12.100236, 50.433965
12.097772, 50.43472
12.097008, 50.434945
12.096537, 50.435067
12.09606, 50.435175
12.095581, 50.435268
12.095077, 50.435354
12.094902, 50.435382
12.09475, 50.435407
12.093923, 50.435508
12.093432, 50.435553
12.092932, 50.435585
12.092425, 50.435598
12.091843, 50.435606
12.091435, 50.435599
12.091012, 50.435595
12.090984, 50.435595
12.090526, 50.435583
12.088851, 50.435558
12.088296, 50.435568
12.08786, 50.435554
12.087519, 50.435539
12.08703, 50.435508
12.086362, 50.435453
12.085616, 50.435361
12.085104, 50.435278
12.084636, 50.435192
12.084093, 50.435072
12.083664, 50.434968
12.08317, 50.434833
12.083054, 50.434801
12.082693, 50.434693
12.081798, 50.434366
12.081241, 50.434137
12.080768, 50.433911
12.080356, 50.433691
12.079851, 50.433404
12.078873, 50.432775
12.078586, 50.432581
12.076134, 50.431004
12.07499, 50.430371
12.073028, 50.42945
12.06725, 50.426751
12.066023, 50.426179
12.065219, 50.425784
12.064563, 50.425416
12.063966, 50.425029
12.063256, 50.424518
12.062488, 50.423864
12.06186, 50.423233
12.06138, 50.422604
12.060807, 50.421761
12.06062, 50.421485
12.058669, 50.418571
12.05795, 50.417546
12.057572, 50.417097
12.057078, 50.416586
12.056341, 50.415955
12.055658, 50.415464
12.053343, 50.413969
12.052363, 50.41342
12.051654, 50.413076
12.050944, 50.412768
12.050232, 50.412494
12.049623, 50.412296
12.049085, 50.41213
12.048484, 50.411964
12.047994, 50.41184
12.047734, 50.411784
12.047477, 50.41173
12.046733, 50.411583
12.045966, 50.411463
12.041639, 50.410852
12.041496, 50.410832
12.04044, 50.410677
12.039074, 50.410482
12.038227, 50.410343
12.037285, 50.410158
12.036434, 50.409969
12.034931, 50.409592
12.032254, 50.408895
12.03217, 50.408871
12.031911, 50.408796
12.031167, 50.408567
12.029819, 50.408085
12.028992, 50.407781
12.025935, 50.406639
12.024851, 50.406211
12.023791, 50.405758
12.022777, 50.405305
12.022564, 50.405212
12.020099, 50.40412
12.019083, 50.403664
12.0183, 50.403264
12.017543, 50.402843
12.016951, 50.402481
12.01625, 50.402012
12.013032, 50.399777
12.012329, 50.399321
12.01173, 50.398995
12.011122, 50.398689
12.010542, 50.398434
12.00969, 50.398098
12.008867, 50.397829
12.008056, 50.397591
12.00725, 50.397405
12.006181, 50.397203
12.005087, 50.397059
12.003922, 50.396964
12.003638, 50.396943
12.002104, 50.396806
11.998024, 50.39647
11.997712, 50.396427
11.99701, 50.396334
11.996151, 50.396182
11.99547, 50.396028
11.994691, 50.395831
11.993954, 50.3956
11.993271, 50.395367
11.992632, 50.395113
11.991874, 50.394773
11.991665, 50.394671
11.991325, 50.394513
11.987679, 50.392748
11.987411, 50.392618
11.986201, 50.392035
11.985452, 50.391693
11.98481, 50.391406
11.98397, 50.39108
11.983057, 50.390767
11.98203, 50.390446
11.979986, 50.389889
11.979151, 50.389661
11.976809, 50.389013
11.975782, 50.388703
11.974942, 50.388429
11.974125, 50.388137
11.973127, 50.387753
11.971891, 50.387226
11.970969, 50.386803
11.970132, 50.386411
11.968634, 50.385716
11.968123, 50.385481
11.96756, 50.385233
11.966997, 50.385013
11.966136, 50.38472
11.965746, 50.3846
11.965336, 50.384488
11.964989, 50.384396
11.963251, 50.383963
11.961517, 50.383544
11.960775, 50.38335
11.960111, 50.383139
11.959568, 50.382955
11.959094, 50.382779
11.958766, 50.382641
11.958421, 50.382488
11.957871, 50.382228
11.956893, 50.381749
11.956061, 50.38134
11.955219, 50.380931
11.953951, 50.380302
11.952694, 50.379686
11.95176, 50.379239
11.951534, 50.37913
11.951246, 50.379
11.950482, 50.378681
11.949811, 50.378424
11.949275, 50.378236
11.948722, 50.378053
11.948062, 50.377849
11.947328, 50.377646
11.94633, 50.37741
11.945517, 50.377236
11.944691, 50.377083
11.942493, 50.376771
11.941922, 50.376693
11.93901, 50.376319
11.937582, 50.376128
11.936178, 50.375939
11.93496, 50.375772
11.933812, 50.375621
11.932993, 50.37553
11.93219, 50.375466
11.93152, 50.375439
11.930823, 50.375428
11.930186, 50.375443
11.929582, 50.375463
11.929018, 50.375513
11.928487, 50.375561
11.927921, 50.375636
11.927337, 50.375727
11.925028, 50.376143
11.924307, 50.376275
11.923503, 50.376421
11.922718, 50.376565
11.922108, 50.376678
11.921477, 50.376772
11.920951, 50.376832
11.920384, 50.37689
11.919832, 50.376918
11.919235, 50.376947
11.918746, 50.376952
11.918213, 50.376948
11.917596, 50.37692
11.917252, 50.376896
11.916921, 50.376873
11.916422, 50.376826
11.915936, 50.376763
11.915412, 50.376681
11.914848, 50.376586
11.914023, 50.376408
11.913595, 50.376295
11.913128, 50.376165
11.911651, 50.375701
11.91015, 50.37522
11.90862, 50.374727
11.907109, 50.374246
11.904615, 50.373443
11.903305, 50.373031
11.902023, 50.372614
11.901711, 50.372513
11.89994, 50.371952
11.89772, 50.37124
11.894764, 50.370292
11.8926, 50.3696
11.892195, 50.369466
11.891222, 50.369153
11.890387, 50.368838
11.889692, 50.368535
11.889331, 50.368354
11.88894, 50.368159
11.888029, 50.367622
11.887143, 50.366998
11.88701, 50.366893
11.886788, 50.366726
11.885353, 50.365599
11.884297, 50.364786
11.883771, 50.364407
11.882934, 50.363835
11.881909, 50.363203
11.880278, 50.362282
11.878647, 50.361362
11.87832, 50.361179
11.878123, 50.361067
11.873386, 50.358423
11.871812, 50.357533
11.871642, 50.357438
11.871162, 50.357173
11.870579, 50.356845
11.870036, 50.356536
11.86955, 50.356258
11.867878, 50.35527
11.866874, 50.354754
11.865904, 50.354212
11.865259, 50.353855
11.863288, 50.352747
11.863038, 50.352609
11.86273, 50.352436
11.86239, 50.352257
11.862201, 50.352159
11.861919, 50.352026
11.861511, 50.35184
11.861118, 50.351672
11.860732, 50.351523
11.860314, 50.351378
11.860075, 50.3513
11.85978, 50.351207
11.859624, 50.351162
11.859394, 50.351095
11.859002, 50.350992
11.858663, 50.350916
11.858427, 50.350861
11.85798, 50.350768
11.856108, 50.350383
11.854789, 50.350113
11.854235, 50.349982
11.853555, 50.349794
11.852908, 50.349599
11.852521, 50.349472
11.851917, 50.349246
11.851598, 50.349101
11.851034, 50.348853
11.85078, 50.348723
11.850291, 50.348466
11.850013, 50.348299
11.849708, 50.348123
11.849481, 50.347973
11.849219, 50.347793
11.84902, 50.347652
11.848791, 50.347483
11.847389, 50.346392
11.846552, 50.345745
11.845995, 50.345301
11.845684, 50.345056
11.845508, 50.344929
11.845168, 50.344684
11.84488, 50.344499
11.844594, 50.344329
11.844281, 50.34416
11.843935, 50.343979
11.843539, 50.343799
11.843208, 50.343659
11.842715, 50.343474
11.842225, 50.343307
11.841707, 50.343151
11.841401, 50.34307
11.841126, 50.343005
11.84083, 50.342942
11.840467, 50.34287
11.840111, 50.34281
11.839747, 50.342756
11.839455, 50.342718
11.839153, 50.342687
11.838754, 50.342656
11.838408, 50.342638
11.83805, 50.342623
11.837419, 50.342618
11.836903, 50.342635
11.835513, 50.342705
11.834427, 50.342763
11.833837, 50.342803
11.831019, 50.342961
11.830458, 50.342992
11.829852, 50.343023
11.829173, 50.343032
11.828493, 50.343019
11.828015, 50.342997
11.827683, 50.342972
11.827229, 50.342936
11.826571, 50.342857
11.825856, 50.34275
11.825126, 50.342611
11.824496, 50.342459
11.823887, 50.3423
11.823262, 50.3421
11.822581, 50.341852
11.82197, 50.341599
11.821382, 50.341327
11.820728, 50.340981
11.820482, 50.34084
11.82012, 50.340611
11.819863, 50.340439
11.819599, 50.340249
11.819323, 50.340051
11.819102, 50.339869
11.818707, 50.339527
11.818385, 50.339201
11.817762, 50.33852
11.81695, 50.337592
11.816149, 50.336663
11.815394, 50.335798
11.815025, 50.335367
11.814615, 50.334933
11.814326, 50.334648
11.814008, 50.334358
11.813785, 50.33417
11.8133, 50.333802
11.812551, 50.333313
11.812058, 50.333037
11.811256, 50.332642
11.810657, 50.332383
11.810065, 50.332155
11.809458, 50.331951
11.80896, 50.331811
11.808104, 50.331611
11.806489, 50.331262
11.805279, 50.331015
11.804671, 50.330867
11.804066, 50.330695
11.803502, 50.330505
11.802988, 50.330296
11.80236, 50.330005
11.801865, 50.329743
11.801331, 50.329416
11.800857, 50.329089
11.799104, 50.327851
11.798555, 50.327459
11.79781, 50.326937
11.796572, 50.326076
11.796137, 50.325754
11.795423, 50.325253
11.794978, 50.324931
11.794664, 50.32464
11.794388, 50.324357
11.794147, 50.324067
11.793949, 50.323795
11.793785, 50.323508
11.793637, 50.323112
11.793495, 50.322646
11.793438, 50.32237
11.793419, 50.322104
11.793459, 50.321842
11.793529, 50.321548
11.793645, 50.321123
11.793833, 50.320693
11.793967, 50.32046
11.794135, 50.32022
11.794322, 50.31999
11.794551, 50.319738
11.794803, 50.319499
11.795057, 50.319291
11.795687, 50.318829
11.796457, 50.318277
11.797001, 50.317846
11.797368, 50.317528
11.79759, 50.317298
11.79793, 50.316911
11.798257, 50.316462
11.798508, 50.316274
11.798627, 50.316057
11.799847, 50.313682
11.800101, 50.313189
11.800481, 50.312505
11.800651, 50.312182
11.801178, 50.311188
11.801315, 50.310929
11.803145, 50.307472
11.804049, 50.305742
11.805819, 50.30238
11.806656, 50.300823
11.806901, 50.30035
11.807063, 50.30003
11.807428, 50.299346
11.807744, 50.298749
11.81007, 50.294291
11.810568, 50.293242
11.810781, 50.292757
11.811013, 50.292234
11.811179, 50.291858
11.811462, 50.291074
11.811587, 50.290717
11.811737, 50.290241
11.811907, 50.289617
11.811974, 50.289216
11.812077, 50.288784
11.812173, 50.288071
11.812245, 50.287569
11.812265, 50.287163
11.812291, 50.286679
11.812299, 50.286111
11.812213, 50.285202
11.812092, 50.284358
11.811878, 50.283542
11.811636, 50.282791
11.811401, 50.282157
11.81123, 50.281766
11.811112, 50.281483
11.810628, 50.280433
11.810134, 50.279521
11.809657, 50.278711
11.809173, 50.277933
11.808595, 50.277
11.80805, 50.276141
11.80745, 50.275204
11.806868, 50.274296
11.806304, 50.273405
11.805748, 50.272517
11.805363, 50.271901
11.805159, 50.271583
11.804793, 50.271022
11.804205, 50.270105
11.803626, 50.2692
11.803064, 50.268311
11.802694, 50.26771
11.802429, 50.267285
11.80211, 50.266791
11.801547, 50.265899
11.800972, 50.265012
11.800519, 50.264311
11.799944, 50.263405
11.799413, 50.262563
11.798844, 50.26168
11.79825, 50.260742
11.797727, 50.259912
11.797618, 50.259747
11.797493, 50.259553
11.797417, 50.259417
11.79686, 50.258552
11.796299, 50.257657
11.795724, 50.256758
11.795158, 50.255894
11.794966, 50.255572
11.794486, 50.254814
11.793957, 50.25398
11.793401, 50.253112
11.79285, 50.252263
11.792351, 50.251535
11.791742, 50.250754
11.791171, 50.250084
11.790455, 50.249345
11.789757, 50.248686
11.788942, 50.247995
11.788426, 50.247596
11.788154, 50.247379
11.788047, 50.247297
11.787946, 50.247226
11.787549, 50.246929
11.786351, 50.246044
11.785096, 50.245117
11.784093, 50.244376
11.7831, 50.243643
11.782113, 50.242909
11.781527, 50.242444
11.781345, 50.242296
11.781, 50.241992
11.780457, 50.241487
11.780124, 50.241138
11.779522, 50.24047
11.778959, 50.239751
11.77864, 50.239293
11.778433, 50.238957
11.778144, 50.238453
11.777835, 50.237829
11.777566, 50.237165
11.777408, 50.236721
11.777294, 50.236325
11.777212, 50.235992
11.777078, 50.235327
11.776998, 50.234633
11.776976, 50.234198
11.776974, 50.233707
11.77699, 50.233328
11.777038, 50.232859
11.777135, 50.232224
11.777242, 50.231736
11.77732, 50.23146
11.777388, 50.231213
11.777505, 50.230887
11.777797, 50.230151
11.778106, 50.229508
11.77853, 50.228772
11.77916, 50.227812
11.779285, 50.22763
11.779914, 50.226699
11.780401, 50.225959
11.780828, 50.2252
11.781152, 50.224565
11.781467, 50.223825
11.781641, 50.223387
11.781802, 50.222916
11.782054, 50.221991
11.782226, 50.221115
11.782312, 50.220332
11.78235, 50.219378
11.782331, 50.218641
11.782237, 50.217695
11.782085, 50.216873
11.78185, 50.215968
11.781601, 50.215217
11.781217, 50.214287
11.780792, 50.213405
11.780385, 50.212587
11.780107, 50.212027
11.779884, 50.211586
11.779699, 50.211203
11.77926, 50.210311
11.779121, 50.210036
11.778823, 50.209449
11.77837, 50.208558
11.777426, 50.206631
11.777113, 50.206014
11.776832, 50.205458
11.776701, 50.205191
11.776561, 50.204904
11.77633, 50.204428
11.775944, 50.203671
11.775452, 50.202818
11.775165, 50.202359
11.774737, 50.201753
11.774251, 50.201136
11.773474, 50.20022
11.772711, 50.199341
11.771917, 50.198422
11.771199, 50.1976
11.770454, 50.196737
11.769698, 50.195872
11.768904, 50.194957
11.768438, 50.194435
11.767658, 50.193542
11.766872, 50.192641
11.766135, 50.191794
11.765418, 50.190953
11.764861, 50.190304
11.764067, 50.189389
11.763691, 50.188964
11.763275, 50.188477
11.762466, 50.18755
11.761639, 50.186594
11.760805, 50.185643
11.759932, 50.184664
11.759451, 50.184142
11.758608, 50.183256
11.757714, 50.18236
11.757033, 50.181712
11.756375, 50.181108
11.755383, 50.180217
11.754381, 50.179342
11.753352, 50.178447
11.75269, 50.177884
11.751657, 50.176984
11.750762, 50.176182
11.750008, 50.175463
11.74959, 50.175048
11.748807, 50.17424
11.748398, 50.173781
11.747937, 50.173228
11.747635, 50.172857
11.74732, 50.172417
11.746929, 50.171837
11.746661, 50.171396
11.746428, 50.170966
11.746305, 50.170732
11.746182, 50.170475
11.74605, 50.17018
11.745922, 50.169836
11.745755, 50.169334
11.745675, 50.169014
11.745565, 50.168513
11.745487, 50.168108
11.745446, 50.167675
11.745416, 50.167113
11.745421, 50.166954
11.745426, 50.166417
11.745467, 50.166037
11.745524, 50.165642
11.745586, 50.16531
11.74571, 50.164804
11.745769, 50.164607
11.745883, 50.164251
11.746026, 50.163864
11.746284, 50.163228
11.746744, 50.16218
11.746863, 50.161897
11.747298, 50.160932
11.747705, 50.159999
11.748177, 50.158927
11.748531, 50.158118
11.748828, 50.157421
11.749079, 50.156774
11.74921, 50.156333
11.749303, 50.155912
11.749368, 50.155452
11.749393, 50.154773
11.749357, 50.154242
11.749288, 50.153825
11.749165, 50.153346
11.748949, 50.152732
11.748639, 50.152071
11.74835, 50.151545
11.748044, 50.151042
11.747496, 50.150138
11.747241, 50.149708
11.746854, 50.149086
11.746309, 50.14819
11.745842, 50.147408
11.745308, 50.146531
11.744746, 50.145599
11.744308, 50.144876
11.743862, 50.144137
11.743529, 50.143565
11.74334, 50.143208
11.743113, 50.142745
11.7429, 50.142243
11.742641, 50.141547
11.742543, 50.141223
11.742443, 50.140861
11.742358, 50.140509
11.742264, 50.140053
11.74221, 50.139738
11.742176, 50.139416
11.742134, 50.138939
11.742112, 50.138489
11.742081, 50.137651
11.742078, 50.136979
11.742072, 50.136333
11.742067, 50.13569
11.742058, 50.135243
11.742028, 50.13473
11.741973, 50.133934
11.741901, 50.13334
11.74182, 50.132835
11.741674, 50.132134
11.741551, 50.131713
11.741377, 50.13121
11.741072, 50.130453
11.740947, 50.130191
11.740841, 50.129993
11.740723, 50.129757
11.740479, 50.129333
11.74022, 50.128921
11.739843, 50.128386
11.73943, 50.127835
11.739064, 50.127401
11.73877, 50.127078
11.738277, 50.126569
11.737709, 50.12603
11.737305, 50.125683
11.736941, 50.125397
11.736244, 50.124868
11.735589, 50.124416
11.735001, 50.124042
11.734582, 50.123788
11.734056, 50.123494
11.733261, 50.123069
11.724127, 50.118311
11.722891, 50.117666
11.721421, 50.116897
11.720038, 50.116183
11.718747, 50.115516
11.718011, 50.115122
11.71717, 50.114706
11.716087, 50.114181
11.715164, 50.113761
11.714201, 50.113325
11.713122, 50.112843
11.711923, 50.112305
11.71112, 50.111907
11.710629, 50.11164
11.710256, 50.111424
11.709885, 50.111206
11.709587, 50.11102
11.709152, 50.11076
11.708541, 50.110346
11.707595, 50.109663
11.707365, 50.109484
11.706816, 50.109029
11.706757, 50.108977
11.706377, 50.108639
11.70606, 50.108352
11.70557, 50.107877
11.705179, 50.107464
11.704969, 50.107225
11.704405, 50.106548
11.703955, 50.105945
11.703488, 50.105311
11.70293, 50.104537
11.702556, 50.104023
11.702418, 50.103825
11.702229, 50.103571
11.702155, 50.103472
11.701045, 50.101943
11.700629, 50.101358
11.700259, 50.100839
11.699709, 50.100132
11.699165, 50.099511
11.698655, 50.098999
11.698359, 50.098716
11.697987, 50.098384
11.697289, 50.097816
11.696426, 50.097191
11.695911, 50.09681
11.695139, 50.096266
11.694212, 50.095623
11.692251, 50.094226
11.69042, 50.092936
11.689959, 50.092633
11.689077, 50.092089
11.688444, 50.09174
11.687677, 50.091362
11.686804, 50.090957
11.685496, 50.090426
11.683982, 50.08987
11.680346, 50.088495
11.678957, 50.087917
11.677988, 50.087468
11.677437, 50.087202
11.676446, 50.086697
11.675107, 50.085977
11.673862, 50.0853
11.672664, 50.084677
11.671847, 50.084298
11.670823, 50.083863
11.668564, 50.082914
11.666385, 50.082014
11.665856, 50.081794
11.665448, 50.081623
11.664072, 50.081043
11.663189, 50.08067
11.662028, 50.080192
11.659493, 50.079133
11.658177, 50.078589
11.656575, 50.077919
11.655776, 50.07762
11.654968, 50.077366
11.654302, 50.077178
11.653581, 50.077016
11.652736, 50.076856
11.65188, 50.076727
11.650155, 50.076496
11.649073, 50.076353
11.647848, 50.076191
11.646146, 50.075968
11.644918, 50.075802
11.644033, 50.075661
11.643267, 50.075527
11.642424, 50.075387
11.641529, 50.075183
11.640745, 50.074962
11.64015, 50.074786
11.639485, 50.074574
11.637871, 50.074068
11.6369, 50.073795
11.636426, 50.073679
11.635803, 50.073545
11.634547, 50.073309
11.633659, 50.073133
11.632977, 50.072986
11.632383, 50.072829
11.631824, 50.072665
11.63118, 50.072457
11.630402, 50.07216
11.629753, 50.071875
11.629137, 50.071557
11.628635, 50.071285
11.627949, 50.070854
11.627285, 50.070403
11.626108, 50.069595
11.624982, 50.068821
11.623964, 50.068118
11.622789, 50.067311
11.622126, 50.066834
11.621672, 50.066491
11.621232, 50.066116
11.620649, 50.065565
11.620249, 50.065156
11.619866, 50.064699
11.619469, 50.064185
11.619175, 50.063753
11.618878, 50.06326
11.618581, 50.062674
11.618378, 50.06221
11.618175, 50.061621
11.61801, 50.060979
11.617894, 50.060302
11.617854, 50.059795
11.617843, 50.059155
11.617862, 50.058726
11.617931, 50.057692
11.617975, 50.05717
11.617997, 50.056465
11.617999, 50.055987
11.617981, 50.055176
11.61795, 50.054446
11.61787, 50.053493
11.617845, 50.053258
11.617774, 50.052755
11.61766, 50.051989
11.61755, 50.051407
11.617365, 50.050568
11.61722, 50.049991
11.616973, 50.049114
11.616736, 50.048369
11.616669, 50.048178
11.616531, 50.047781
11.616377, 50.047373
11.616041, 50.046541
11.61566, 50.045695
11.615333, 50.045017
11.614883, 50.044148
11.61456, 50.043568
11.614198, 50.042965
11.613716, 50.042189
11.613201, 50.041414
11.612655, 50.040647
11.611924, 50.039693
11.611478, 50.039131
11.610873, 50.038421
11.610776, 50.038312
11.610443, 50.037939
11.609997, 50.037463
11.60956, 50.036979
11.609129, 50.036491
11.60848, 50.035673
11.608204, 50.035276
11.608074, 50.035071
11.607945, 50.034851
11.607623, 50.034242
11.607392, 50.033686
11.607184, 50.033099
11.606997, 50.03245
11.606858, 50.031915
11.6067, 50.031321
11.606561, 50.030783
11.606284, 50.029731
11.605986, 50.028603
11.60562, 50.027202
11.6055, 50.026738
11.60532, 50.026059
11.605141, 50.025374
11.604808, 50.024176
11.604698, 50.023713
11.604608, 50.023351
11.604577, 50.023225
11.604336, 50.022255
11.604232, 50.021786
11.604156, 50.021333
11.604094, 50.020881
11.604076, 50.020609
11.604074, 50.020554
11.604054, 50.020024
11.604082, 50.019456
11.604112, 50.01917
11.60415, 50.018888
11.604204, 50.018578
11.604352, 50.017976
11.604531, 50.017381
11.604761, 50.016754
11.605078, 50.015962
11.605565, 50.014759
11.605625, 50.014593
11.605641, 50.014551
11.605971, 50.01377
11.606297, 50.012945
11.606309, 50.012915
11.606409, 50.01267
11.606626, 50.012152
11.606894, 50.011506
11.607028, 50.011183
11.607264, 50.010696
11.60755, 50.010224
11.607789, 50.009891
11.608049, 50.009576
11.608732, 50.008823
11.609526, 50.007961
11.609808, 50.007615
11.610024, 50.007279
11.610191, 50.006948
11.610319, 50.006613
11.610404, 50.00625
11.610447, 50.005861
11.610418, 50.00533
11.610321, 50.004919
11.610208, 50.004597
11.610102, 50.004369
11.609978, 50.004138
11.609835, 50.003927
11.609672, 50.003706
11.609353, 50.00332
11.608848, 50.002711
11.608105, 50.001801
11.60784, 50.001455
11.607535, 50.00099
11.607239, 50.000447
11.607024, 49.999962
11.606846, 49.999458
11.606704, 49.998914
11.606653, 49.998641
11.60662, 49.998376
11.606587, 49.998027
11.606586, 49.99765
11.606602, 49.997295
11.606648, 49.996838
11.606705, 49.996302
11.606762, 49.995829
11.606865, 49.994976
11.606956, 49.994205
11.607044, 49.993571
11.607125, 49.992726
11.60721, 49.99183
11.607309, 49.990897
11.60741, 49.98998
11.607499, 49.989206
11.607577, 49.988338
11.607629, 49.987571
11.607652, 49.986675
11.607648, 49.985789
11.607612, 49.984948
11.607554, 49.984044
11.607475, 49.983267
11.607397, 49.982662
11.607268, 49.981743
11.606989, 49.979778
11.606867, 49.978927
11.606737, 49.978035
11.606619, 49.977212
11.606498, 49.97632
11.606364, 49.9755
11.606318, 49.975093
11.6063, 49.974939
11.606149, 49.973881
11.605945, 49.972489
11.605891, 49.97209
11.605308, 49.967898
11.605266, 49.967497
11.605215, 49.966982
11.605191, 49.966552
11.605171, 49.966089
11.605159, 49.965723
11.605153, 49.965526
11.605158, 49.964952
11.605165, 49.964476
11.605171, 49.96415
11.605213, 49.963607
11.605237, 49.963271
11.605255, 49.963042
11.605303, 49.962564
11.60534, 49.96227
11.605353, 49.962166
11.605446, 49.961545
11.605638, 49.960424
11.60573, 49.960062
11.605859, 49.959491
11.6062, 49.958292
11.606632, 49.956858
11.606781, 49.956301
11.607, 49.955642
11.607195, 49.954943
11.607232, 49.954812
11.607408, 49.954076
11.607507, 49.953561
11.607561, 49.953243
11.6076, 49.952842
11.607633, 49.952584
11.607664, 49.952222
11.607673, 49.951998
11.607657, 49.951785
11.607661, 49.951553
11.60764, 49.951152
11.607597, 49.950683
11.607524, 49.950126
11.607492, 49.949833
11.607371, 49.949202
11.607222, 49.948598
11.607097, 49.948108
11.606962, 49.947615
11.606667, 49.946525
11.606444, 49.945693
11.606171, 49.944657
11.606027, 49.944136
11.605745, 49.943119
11.605633, 49.94268
11.605424, 49.94191
11.605192, 49.941058
11.605137, 49.940847
11.605033, 49.940469
11.604981, 49.94026
11.604815, 49.939592
11.604667, 49.939076
11.604532, 49.938547
11.604305, 49.93773
11.604144, 49.937147
11.603896, 49.93624
11.603642, 49.935338
11.603616, 49.935221
11.603446, 49.934618
11.603217, 49.933763
11.603057, 49.933155
11.602899, 49.932578
11.602816, 49.932271
11.602668, 49.931699
11.602594, 49.931376
11.602407, 49.93054
11.60239, 49.930417
11.602308, 49.929765
11.602276, 49.929369
11.602252, 49.929089
11.602251, 49.928824
11.602245, 49.928466
11.602237, 49.927764
11.602289, 49.927297
11.602325, 49.926992
11.602489, 49.926028
11.602919, 49.92409
11.603079, 49.923402
11.603357, 49.922163
11.603579, 49.921204
11.603682, 49.920753
11.603899, 49.919795
11.604117, 49.918853
11.604327, 49.917947
11.60454, 49.91701
11.604656, 49.91648
11.604879, 49.915507
11.604969, 49.915045
11.605132, 49.914096
11.605236, 49.913329
11.605303, 49.912516
11.605311, 49.912327
11.605337, 49.911368
11.605326, 49.910619
11.605318, 49.91047
11.605243, 49.909547
11.605185, 49.909103
11.605124, 49.908685
11.604956, 49.907829
11.604782, 49.907085
11.604592, 49.906412
11.604288, 49.90542
11.604007, 49.904597
11.603842, 49.90416
11.603674, 49.903718
11.603602, 49.903521
11.603517, 49.903286
11.603295, 49.902715
11.603234, 49.902555
11.60307, 49.90209
11.602883, 49.901654
11.602428, 49.900446
11.602153, 49.899738
11.601902, 49.899061
11.601726, 49.898603
11.601484, 49.89795
11.600952, 49.896584
11.59993, 49.893879
11.599442, 49.892561
11.599223, 49.892
11.598976, 49.891354
11.598879, 49.891088
11.598802, 49.890888
11.598545, 49.890227
11.598454, 49.889996
11.598216, 49.889439
11.598028, 49.889031
11.597845, 49.888692
11.597726, 49.888479
11.597487, 49.888092
11.597236, 49.88774
11.596998, 49.887441
11.596779, 49.887187
11.596579, 49.886961
11.59634, 49.88671
11.595928, 49.886323
11.59563, 49.88605
11.595248, 49.88575
11.594656, 49.885311
11.594006, 49.884888
11.593476, 49.884584
11.592999, 49.884331
11.592196, 49.883939
11.591405, 49.883611
11.590286, 49.883212
11.589148, 49.882891
11.588072, 49.882643
11.587395, 49.882519
11.586778, 49.882425
11.585812, 49.882312
11.585223, 49.882262
11.584479, 49.882224
11.583491, 49.882187
11.582108, 49.882182
11.581239, 49.882181
11.57965, 49.882178
11.577927, 49.882173
11.574969, 49.882174
11.573608, 49.882174
11.57258, 49.882168
11.570972, 49.882167
11.569202, 49.882161
11.56737, 49.882161
11.565826, 49.882158
11.564491, 49.882155
11.563089, 49.882134
11.562092, 49.882114
11.561191, 49.882078
11.560216, 49.882026
11.558965, 49.881933
11.557749, 49.881809
11.556931, 49.881701
11.555954, 49.88155
11.55514, 49.881407
11.554387, 49.881258
11.553633, 49.8811
11.553096, 49.880971
11.552506, 49.880815
11.551904, 49.880633
11.55146, 49.880486
11.550914, 49.880289
11.550494, 49.880112
11.550085, 49.879929
11.549572, 49.879672
11.549061, 49.879374
11.54861, 49.879094
11.548158, 49.878778
11.547401, 49.878191
11.545674, 49.876743
11.544748, 49.876022
11.543837, 49.875399
11.543037, 49.874962
11.542394, 49.874656
11.541626, 49.874342
11.540777, 49.874075
11.539945, 49.873854
11.539031, 49.873688
11.538286, 49.87357
11.537424, 49.873489
11.535667, 49.873408
11.534389, 49.873384
11.532173, 49.873321
11.531459, 49.873299
11.53066, 49.873235
11.52984, 49.873154
11.529109, 49.873054
11.528018, 49.872867
11.526934, 49.8726
11.525814, 49.872265
11.524585, 49.871797
11.523866, 49.871473
11.522948, 49.870985
11.522222, 49.870538
11.521282, 49.869846
11.520705, 49.869338
11.520051, 49.868644
11.519742, 49.868277
11.519366, 49.867753
11.518993, 49.867109
11.518728, 49.866517
11.518522, 49.865951
11.518365, 49.865344
11.518253, 49.864643
11.518182, 49.863793
11.518126, 49.862084
11.518097, 49.860509
11.518034, 49.858872
11.517957, 49.857415
11.517861, 49.856534
11.517669, 49.855635
11.517489, 49.85501
11.51724, 49.854351
11.516957, 49.853721
11.516575, 49.853034
11.516145, 49.852425
11.515693, 49.851806
11.515076, 49.851091
11.514498, 49.850514
11.513789, 49.849885
11.512822, 49.849118
11.511817, 49.848371
11.509631, 49.846813
11.508916, 49.84629
11.507913, 49.845536
11.507616, 49.845283
11.506647, 49.844435
11.506095, 49.843877
11.505521, 49.843246
11.505009, 49.84261
11.504551, 49.84194
11.504093, 49.841164
11.503739, 49.840442
11.503481, 49.839768
11.503261, 49.839065
11.502901, 49.837592
11.502635, 49.836477
11.502483, 49.835938
11.502325, 49.835484
11.502095, 49.834939
11.501872, 49.834495
11.501687, 49.834144
11.501111, 49.833183
11.500449, 49.832025
11.500065, 49.831303
11.499818, 49.830713
11.499699, 49.830349
11.499598, 49.829999
11.499512, 49.82954
11.499475, 49.829238
11.499439, 49.82881
11.499437, 49.828434
11.499434, 49.827762
11.499447, 49.826947
11.49941, 49.826436
11.499375, 49.826057
11.499315, 49.825687
11.499184, 49.824997
11.49906, 49.82459
11.498984, 49.824345
11.498786, 49.823863
11.498501, 49.823285
11.497964, 49.822201
11.497653, 49.821613
11.497492, 49.821283
11.49729, 49.820798
11.497201, 49.820533
11.497071, 49.820112
11.496972, 49.819722
11.496927, 49.819328
11.4969, 49.818896
11.496891, 49.818035
11.496957, 49.817404
11.497087, 49.81683
11.497281, 49.816228
11.497582, 49.815509
11.49856, 49.813763
11.498919, 49.813103
11.499125, 49.812736
11.499881, 49.811417
11.500063, 49.811005
11.500213, 49.810629
11.500321, 49.810202
11.500427, 49.809587
11.500448, 49.808912
11.50041, 49.808423
11.50031, 49.807922
11.500176, 49.807431
11.49988, 49.80674
11.499482, 49.806082
11.499222, 49.80571
11.498908, 49.805326
11.498223, 49.804635
11.49687, 49.803565
11.495427, 49.802517
11.495028, 49.802204
11.494565, 49.801772
11.494347, 49.80154
11.494108, 49.80129
11.49372, 49.800748
11.493325, 49.800101
11.493149, 49.799708
11.492997, 49.799299
11.49291, 49.799012
11.492799, 49.798481
11.492773, 49.79815
11.492775, 49.797624
11.492811, 49.79717
11.492896, 49.796695
11.493006, 49.796309
11.493223, 49.795778
11.493507, 49.795219
11.493816, 49.794737
11.49412, 49.794359
11.494342, 49.794108
11.494895, 49.793545
11.495332, 49.793182
11.495881, 49.79279
11.496389, 49.792462
11.496948, 49.792156
11.497639, 49.791818
11.498484, 49.791475
11.499382, 49.791208
11.499761, 49.791103
11.500755, 49.790843
11.502263, 49.790447
11.50312, 49.79023
11.504209, 49.789943
11.50526, 49.789643
11.505974, 49.789399
11.506629, 49.789139
11.507359, 49.788819
11.507999, 49.788485
11.508638, 49.788115
11.509226, 49.787713
11.509956, 49.787131
11.510807, 49.786321
11.510974, 49.786132
11.511391, 49.785597
11.511782, 49.785011
11.512076, 49.784446
11.512262, 49.784002
11.512395, 49.783568
11.512517, 49.782954
11.51259, 49.782227
11.512597, 49.781817
11.512528, 49.781
11.512336, 49.780271
11.512194, 49.779843
11.512007, 49.779411
11.511627, 49.778739
11.511317, 49.778328
11.510964, 49.777875
11.510268, 49.777143
11.509028, 49.776059
11.508617, 49.775663
11.508239, 49.775213
11.5078, 49.774619
11.507439, 49.773939
11.507192, 49.7733
11.507095, 49.772891
11.507018, 49.772445
11.506889, 49.771409
11.506679, 49.770611
11.506455, 49.770021
11.50609, 49.769244
11.505755, 49.768352
11.505643, 49.767801
11.5056, 49.767132
11.505626, 49.766664
11.505756, 49.766012
11.505992, 49.765347
11.506301, 49.764741
11.50668, 49.764186
11.507145, 49.763618
11.50764, 49.763041
11.507849, 49.762761
11.50811, 49.762355
11.508359, 49.761894
11.50855, 49.76144
11.508713, 49.760937
11.508795, 49.760457
11.508842, 49.759921
11.508876, 49.758873
11.508932, 49.758096
11.509032, 49.75742
11.509262, 49.756467
11.509636, 49.7553
11.510047, 49.754069
11.510489, 49.752792
11.510779, 49.75188
11.510927, 49.751492
11.511073, 49.751051
11.511105, 49.750954
11.512643, 49.746403
11.512767, 49.746021
11.513086, 49.745075
11.513137, 49.744918
11.513521, 49.743803
11.513861, 49.742779
11.514151, 49.741931
11.514462, 49.741019
11.514637, 49.740475
11.515138, 49.738956
11.515262, 49.738359
11.515315, 49.737947
11.515338, 49.737402
11.515317, 49.736983
11.515233, 49.736433
11.515149, 49.735996
11.515019, 49.735562
11.514883, 49.735181
11.51463, 49.734648
11.514485, 49.734407
11.51431, 49.734109
11.513327, 49.732759
11.512255, 49.731335
11.511655, 49.73055
11.511194, 49.729959
11.510855, 49.729622
11.51074, 49.729501
11.510372, 49.729144
11.510048, 49.728878
11.509731, 49.728621
11.508999, 49.728104
11.508287, 49.72769
11.507581, 49.727323
11.507035, 49.727085
11.50663, 49.726915
11.505521, 49.726509
11.504284, 49.726169
11.502773, 49.725816
11.501788, 49.725589
11.492396, 49.723457
11.488103, 49.72248
11.48676, 49.722165
11.485729, 49.721902
11.484636, 49.721573
11.483754, 49.721266
11.482699, 49.720808
11.481918, 49.720422
11.481173, 49.720004
11.480427, 49.719499
11.479899, 49.719097
11.479374, 49.718635
11.478858, 49.718129
11.477939, 49.717192
11.474699, 49.713838
11.473131, 49.712218
11.471749, 49.710792
11.470455, 49.709446
11.469669, 49.708628
11.468399, 49.707266
11.467976, 49.706729
11.467559, 49.706165
11.467333, 49.705824
11.467056, 49.705396
11.466801, 49.705001
11.466507, 49.70451
11.466363, 49.704207
11.466089, 49.703625
11.465901, 49.703195
11.465675, 49.702588
11.465472, 49.701992
11.465332, 49.701447
11.465209, 49.700972
11.465084, 49.70022
11.465019, 49.699529
11.46498, 49.698918
11.464985, 49.698102
11.465019, 49.697294
11.465089, 49.696389
11.465235, 49.695274
11.46541, 49.693981
11.465597, 49.692741
11.465827, 49.691035
11.466018, 49.689739
11.466081, 49.689295
11.466866, 49.683784
11.467129, 49.682143
11.467228, 49.681428
11.467379, 49.680359
11.46771, 49.678011
11.468177, 49.674721
11.468217, 49.674501
11.468391, 49.673371
11.468536, 49.672334
11.468776, 49.670619
11.468856, 49.669792
11.468873, 49.669562
11.468879, 49.668961
11.46884, 49.668436
11.468735, 49.667729
11.468687, 49.66742
11.468507, 49.666802
11.468316, 49.666281
11.468286, 49.666186
11.468049, 49.665661
11.46775, 49.665098
11.467299, 49.664379
11.466891, 49.663782
11.46648, 49.66331
11.46603, 49.662826
11.465514, 49.662344
11.464881, 49.661776
11.462333, 49.659711
11.461028, 49.658635
11.459663, 49.657518
11.458223, 49.656364
11.456543, 49.655039
11.455483, 49.654123
11.454494, 49.653362
11.453552, 49.652701
11.452986, 49.652345
11.452381, 49.652016
11.451875, 49.651765
11.451253, 49.651491
11.450242, 49.651128
11.449259, 49.650866
11.448386, 49.650696
11.447793, 49.6506
11.447408, 49.650558
11.446858, 49.650495
11.446415, 49.650463
11.445924, 49.650436
11.445017, 49.6504
11.444115, 49.65035
11.443619, 49.650308
11.443175, 49.650255
11.442852, 49.650209
11.442217, 49.650103
11.441679, 49.649997
11.441039, 49.649837
11.440275, 49.649626
11.439588, 49.649391
11.439169, 49.649225
11.438901, 49.64911
11.438667, 49.649004
11.438209, 49.648776
11.437752, 49.64854
11.437331, 49.648298
11.437048, 49.648115
11.436872, 49.648001
11.436449, 49.647691
11.435982, 49.647307
11.435608, 49.646975
11.435228, 49.646568
11.434847, 49.646122
11.434569, 49.645699
11.434352, 49.64535
11.434161, 49.644972
11.433649, 49.64391
11.433348, 49.643354
11.433099, 49.642979
11.432704, 49.642482
11.432301, 49.64202
11.431804, 49.641548
11.43126, 49.641112
11.430324, 49.640471
11.429086, 49.639678
11.428385, 49.639197
11.427598, 49.638572
11.427064, 49.63806
11.426591, 49.637546
11.425686, 49.636467
11.425111, 49.635738
11.424161, 49.634589
11.423438, 49.633791
11.422409, 49.632636
11.422209, 49.632442
11.42096, 49.631213
11.419003, 49.629535
11.416771, 49.627681
11.41402, 49.625409
11.412698, 49.624328
11.411563, 49.623384
11.410874, 49.622824
11.410254, 49.622345
11.409875, 49.622056
11.409702, 49.621936
11.408531, 49.621215
11.407867, 49.620881
11.407615, 49.620766
11.406983, 49.620481
11.406256, 49.620214
11.405354, 49.619902
11.403302, 49.619201
11.400201, 49.618156
11.398743, 49.617667
11.397978, 49.61741
11.395899, 49.616709
11.394493, 49.616241
11.393228, 49.615843
11.391928, 49.615474
11.390568, 49.615125
11.38924, 49.614818
11.387801, 49.614537
11.385934, 49.614209
11.384746, 49.614021
11.382671, 49.613697
11.380918, 49.613402
11.379276, 49.613086
11.378191, 49.612848
11.377315, 49.612618
11.376588, 49.612418
11.375726, 49.612153
11.374931, 49.611862
11.374114, 49.611521
11.373485, 49.611232
11.372702, 49.610828
11.372144, 49.610498
11.371501, 49.610066
11.371029, 49.609738
11.370472, 49.609288
11.36977, 49.608671
11.369111, 49.607997
11.368926, 49.607803
11.368357, 49.607162
11.367648, 49.606263
11.365814, 49.603744
11.365427, 49.603216
11.364528, 49.602101
11.363868, 49.601412
11.363513, 49.601102
11.362684, 49.600387
11.361724, 49.599774
11.360447, 49.599115
11.359536, 49.598739
11.358656, 49.598443
11.357989, 49.598255
11.356707, 49.59793
11.354917, 49.597438
11.354026, 49.597137
11.353267, 49.596827
11.352451, 49.596388
11.351615, 49.595754
11.351166, 49.595282
11.350679, 49.594582
11.350201, 49.593636
11.34983, 49.593116
11.349452, 49.592696
11.348734, 49.592072
11.348129, 49.591594
11.347783, 49.591311
11.347306, 49.590893
11.346945, 49.590431
11.346633, 49.58993
11.346397, 49.589393
11.346263, 49.58883
11.346244, 49.587378
11.346147, 49.586869
11.345974, 49.586393
11.345813, 49.586068
11.345462, 49.585431
11.345233, 49.584942
11.345151, 49.58453
11.345094, 49.584218
11.345066, 49.583896
11.345039, 49.582444
11.34499, 49.582087
11.344808, 49.581356
11.344487, 49.580446
11.344156, 49.579777
11.343759, 49.57915
11.34334, 49.578598
11.342769, 49.57798
11.342336, 49.577553
11.341677, 49.576932
11.341087, 49.576373
11.339585, 49.575005
11.338029, 49.57359
11.336587, 49.572274
11.335382, 49.571154
11.333707, 49.569619
11.332896, 49.568877
11.332146, 49.568173
11.331777, 49.567831
11.331561, 49.567627
11.331147, 49.56724
11.330562, 49.566697
11.330434, 49.566573
11.330225, 49.566379
11.329221, 49.5654
11.328926, 49.565082
11.328781, 49.564931
11.32854, 49.564681
11.328234, 49.564323
11.327973, 49.56402
11.32768, 49.563667
11.327072, 49.562907
11.32652, 49.562124
11.326021, 49.561398
11.325741, 49.560873
11.3254, 49.560236
11.324825, 49.558991
11.324143, 49.557046
11.323761, 49.555764
11.323673, 49.555476
11.322817, 49.552752
11.32233, 49.551158
11.320976, 49.546715
11.320668, 49.545684
11.319604, 49.542339
11.319514, 49.542069
11.318162, 49.537512
11.317052, 49.533846
11.316527, 49.532004
11.316248, 49.531108
11.316087, 49.530638
11.315917, 49.530149
11.315615, 49.529145
11.315008, 49.527616
11.314399, 49.526536
11.313871, 49.525807
11.313588, 49.525361
11.313333, 49.525036
11.31246, 49.523993
11.310877, 49.522385
11.308613, 49.520219
11.307268, 49.518938
11.306376, 49.518086
11.305724, 49.517468
11.305404, 49.517155
11.305177, 49.516922
11.303986, 49.515814
11.303658, 49.515498
11.302722, 49.514612
11.30219, 49.514106
11.301708, 49.513646
11.300736, 49.51274
11.298422, 49.51053
11.295336, 49.507562
11.294333, 49.506676
11.293105, 49.5057
11.288372, 49.502314
11.287656, 49.501766
11.287343, 49.501519
11.286924, 49.501167
11.286053, 49.500407
11.285162, 49.499588
11.283378, 49.497734
11.282263, 49.496521
11.280308, 49.494378
11.277963, 49.49181
11.275391, 49.488971
11.272953, 49.486297
11.270519, 49.483608
11.269748, 49.482718
11.268882, 49.481825
11.267167, 49.480027
11.264634, 49.477649
11.262631, 49.476008
11.259429, 49.473583
11.258695, 49.47302
11.254861, 49.470081
11.254089, 49.469448
11.253047, 49.46854
11.252248, 49.467764
11.2518, 49.467318
11.251381, 49.466876
11.251002, 49.466473
11.250113, 49.465525
11.249694, 49.465071
11.249391, 49.464752
11.249122, 49.46447
11.248669, 49.463954
11.248398, 49.463644
11.247793, 49.462993
11.247085, 49.462228
11.245756, 49.460805
11.244908, 49.459881
11.244326, 49.459259
11.243247, 49.458098
11.242604, 49.457408
11.241966, 49.456772
11.241746, 49.456587
11.241186, 49.456115
11.240573, 49.455672
11.240156, 49.455391
11.239832, 49.45518
11.239514, 49.454995
11.238914, 49.454608
11.238196, 49.454089
11.237649, 49.453614
11.237425, 49.453397
11.236773, 49.452665
11.236217, 49.451965
11.235632, 49.450922
11.235321, 49.450238
11.235002, 49.449656
11.2348, 49.449332
11.23406, 49.448256
11.234, 49.44819
11.232968, 49.447075
11.231978, 49.446018
11.230384, 49.444429
11.229972, 49.44403
11.224192, 49.438876
11.220713, 49.43575
11.218787, 49.434026
11.212384, 49.428284
11.210221, 49.426351
11.209614, 49.42579
11.208049, 49.424306
11.206977, 49.423259
11.205892, 49.422177
11.205067, 49.421368
11.204209, 49.420506
11.203583, 49.419902
11.202527, 49.418884
11.2011, 49.417445
11.199081, 49.415434
11.19784, 49.41397
11.196949, 49.412634
11.196285, 49.411363
11.195986, 49.410631
11.195717, 49.409814
11.195673, 49.409639
11.195438, 49.408507
11.195377, 49.408034
11.195333, 49.407534
11.195306, 49.407035
11.19531, 49.406677
11.19532, 49.406422
11.195361, 49.405803
11.195459, 49.40511
11.195587, 49.404461
11.195827, 49.40357
11.195896, 49.403314
11.195922, 49.403246
11.196091, 49.402818
11.19638, 49.402132
11.196621, 49.401645
11.1968, 49.401305
11.197316, 49.400302
11.197431, 49.400078
11.197694, 49.399587
11.198473, 49.398133
11.199517, 49.396098
11.200547, 49.394186
11.201129, 49.392978
11.201453, 49.392066
11.201649, 49.391335
11.20174, 49.390993
11.201754, 49.390926
11.201772, 49.390842
11.201866, 49.390381
11.201947, 49.389701
11.201981, 49.389299
11.201998, 49.388871
11.202001, 49.388192
11.201941, 49.387468
11.201883, 49.387121
11.201788, 49.386639
11.201654, 49.386002
11.201341, 49.384726
11.20121, 49.384173
11.201047, 49.383446
11.200894, 49.382838
11.200663, 49.382007
11.200464, 49.381375
11.200327, 49.380778
11.200243, 49.380264
11.200198, 49.379885
11.200164, 49.379157
11.200158, 49.37895
11.20016, 49.378735
11.200175, 49.378523
11.20023, 49.377924
11.200882, 49.372791
11.201127, 49.370917
11.201697, 49.366344
11.201775, 49.365734
11.201877, 49.364946
11.202106, 49.363238
11.202107, 49.363228
11.202141, 49.362955
11.202217, 49.362351
11.202275, 49.36193
11.202503, 49.360163
11.202573, 49.359629
11.202622, 49.359245
11.202675, 49.358799
11.203107, 49.355424
11.203189, 49.354789
11.203272, 49.354149
11.203413, 49.352944
11.203452, 49.352607
11.203459, 49.352554
11.203498, 49.352238
11.203533, 49.351874
11.203538, 49.351833
11.20357, 49.35139
11.203583, 49.351199
11.203582, 49.350162
11.203581, 49.349162
11.203631, 49.347119
11.203647, 49.346451
11.203648, 49.346413
11.20367, 49.345342
11.203693, 49.342834
11.203704, 49.341733
11.203715, 49.341211
11.203793, 49.34023
11.204662, 49.333701
11.205264, 49.329598
11.205313, 49.329221
11.205553, 49.327387
11.206237, 49.322435
11.206593, 49.319856
11.207216, 49.315345
11.207337, 49.314162
11.207452, 49.313037
11.207571, 49.309811
11.207728, 49.307121
11.207815, 49.305169
11.207874, 49.303828
11.208029, 49.300053
11.208167, 49.29772
11.208177, 49.297534
11.208193, 49.296712
11.20831, 49.294575
11.20839, 49.292385
11.208526, 49.290357
11.208646, 49.287726
11.208811, 49.284098
11.2089, 49.282455
11.20899, 49.281317
11.209137, 49.279931
11.209256, 49.279136
11.209388, 49.278443
11.210411, 49.273952
11.210634, 49.273011
11.211751, 49.268327
11.212133, 49.266721
11.213052, 49.262838
11.213107, 49.262611
11.213457, 49.261157
11.214414, 49.257044
11.214481, 49.25676
11.214927, 49.254857
11.215295, 49.253303
11.215311, 49.25324
11.215417, 49.252781
11.215543, 49.252242
11.215743, 49.251387
11.215942, 49.250539
11.216012, 49.250236
11.216025, 49.250187
11.216416, 49.248583
11.216494, 49.248212
11.216581, 49.247843
11.217849, 49.24251
11.217906, 49.242309
11.21841, 49.240717
11.220968, 49.233182
11.223005, 49.227361
11.223719, 49.225322
11.223905, 49.224675
11.224141, 49.224023
11.224235, 49.223763
11.22427, 49.223668
11.224358, 49.22343
11.226024, 49.218597
11.226416, 49.217623
11.226772, 49.216888
11.226975, 49.2165
11.227009, 49.216436
11.227291, 49.215915
11.227874, 49.215039
11.228149, 49.214669
11.228299, 49.214488
11.228572, 49.21418
11.232262, 49.209795
11.232895, 49.209048
11.235008, 49.206544
11.235201, 49.206319
11.237594, 49.203521
11.241144, 49.199297
11.242252, 49.197994
11.242464, 49.197734
11.245217, 49.194465
11.246681, 49.192751
11.247694, 49.191543
11.250312, 49.188446
11.251864, 49.186598
11.251998, 49.186444
11.252373, 49.185996
11.254932, 49.182973
11.255873, 49.181856
11.256, 49.18171
11.257727, 49.179675
11.258206, 49.179076
11.258606, 49.178538
11.259019, 49.177955
11.259288, 49.177547
11.259587, 49.17707
11.259929, 49.176477
11.260468, 49.1754
11.260816, 49.174608
11.261117, 49.173825
11.26137, 49.173019
11.261578, 49.172235
11.262185, 49.169366
11.262445, 49.168118
11.262472, 49.167989
11.262581, 49.167553
11.263, 49.165621
11.263088, 49.165231
11.263096, 49.165189
11.263231, 49.164497
11.26333, 49.164028
11.26335, 49.163936
11.263755, 49.162045
11.264155, 49.16017
11.264524, 49.158434
11.265044, 49.156011
11.265356, 49.154539
11.26648, 49.149794
11.266845, 49.148195
11.267469, 49.145478
11.267562, 49.145078
11.267898, 49.143706
11.268707, 49.140096
11.268932, 49.13914
11.26944, 49.136945
11.270038, 49.13435
11.270223, 49.133574
11.270352, 49.133173
11.270355, 49.133162
11.270508, 49.132767
11.270707, 49.132244
11.270994, 49.131583
11.271449, 49.130657
11.272823, 49.128192
11.272908, 49.128038
11.272927, 49.128004
11.273058, 49.127762
11.273778, 49.126431
11.274861, 49.124493
11.275099, 49.124055
11.275315, 49.123672
11.276013, 49.122384
11.276365, 49.121605
11.276585, 49.121041
11.27676, 49.120515
11.276959, 49.119847
11.277521, 49.117765
11.278604, 49.113785
11.278734, 49.11332
11.278867, 49.11285
11.279057, 49.112227
11.279194, 49.111843
11.279322, 49.11152
11.279583, 49.110942
11.279775, 49.11054
11.280057, 49.110002
11.280459, 49.109319
11.280811, 49.108781
11.281974, 49.107063
11.282635, 49.105928
11.282868, 49.105462
11.283056, 49.105037
11.283222, 49.104643
11.283382, 49.104219
11.283492, 49.1039
11.284155, 49.10135
11.284608, 49.099604
11.285504, 49.096196
11.286056, 49.09397
11.286924, 49.090612
11.286987, 49.090356
11.287074, 49.089999
11.287496, 49.088385
11.288188, 49.085662
11.288311, 49.085182
11.288534, 49.084372
11.288684, 49.083905
11.288813, 49.083532
11.289039, 49.082955
11.289315, 49.08235
11.289573, 49.08183
11.28989, 49.081265
11.290482, 49.080345
11.291501, 49.079038
11.291918, 49.078538
11.292285, 49.078146
11.292844, 49.077582
11.293619, 49.076886
11.294118, 49.076473
11.294982, 49.075773
11.295724, 49.075276
11.296423, 49.074812
11.297155, 49.074366
11.298067, 49.073858
11.299524, 49.073105
11.302638, 49.071563
11.3066, 49.069587
11.309856, 49.067956
11.312514, 49.066633
11.312877, 49.066447
11.316486, 49.064665
11.317105, 49.064358
11.319757, 49.063031
11.320399, 49.062672
11.321067, 49.062278
11.321966, 49.061676
11.322673, 49.061132
11.323242, 49.060652
11.323779, 49.060165
11.324474, 49.059425
11.324743, 49.059146
11.325062, 49.05875
11.32551, 49.05814
11.326175, 49.057185
11.328535, 49.053844
11.329302, 49.052818
11.329953, 49.052104
11.330823, 49.051285
11.331464, 49.050763
11.332479, 49.050007
11.33332, 49.049389
11.333595, 49.049187
11.333844, 49.048999
11.334112, 49.048792
11.337344, 49.046404
11.338523, 49.045534
11.339171, 49.04512
11.339857, 49.04474
11.340385, 49.044474
11.34066, 49.044346
11.340896, 49.044248
11.341385, 49.044045
11.341978, 49.043825
11.342774, 49.043561
11.343312, 49.043408
11.343535, 49.043354
11.344163, 49.043195
11.344229, 49.04318
11.345686, 49.04283
11.345768, 49.04281
11.346374, 49.04267
11.347031, 49.042518
11.348844, 49.042066
11.34913, 49.041999
11.349181, 49.041987
11.351002, 49.041557
11.351448, 49.041444
11.352146, 49.041284
11.352789, 49.041121
11.354018, 49.040708
11.354979, 49.040296
11.355793, 49.039858
11.356238, 49.03957
11.356626, 49.039303
11.356973, 49.039038
11.357281, 49.038769
11.357848, 49.038183
11.3584, 49.03744
11.358782, 49.036773
11.359152, 49.036034
11.359492, 49.035368
11.359721, 49.034913
11.360399, 49.033664
11.360811, 49.032962
11.361085, 49.032533
11.36148, 49.031983
11.361841, 49.03152
11.362482, 49.030772
11.363703, 49.029511
11.36481, 49.028414
11.365268, 49.027948
11.365823, 49.027405
11.366174, 49.027037
11.366338, 49.02681
11.366872, 49.026027
11.367018, 49.025711
11.36719, 49.025362
11.367387, 49.024535
11.367464, 49.023877
11.367355, 49.022972
11.367218, 49.022356
11.367089, 49.021967
11.366787, 49.021416
11.366289, 49.020705
11.365501, 49.019829
11.364728, 49.019232
11.361117, 49.017
11.357763, 49.014958
11.357384, 49.014723
11.356555, 49.014105
11.355879, 49.013433
11.355601, 49.01312
11.355393, 49.012866
11.355105, 49.012443
11.354921, 49.012114
11.354738, 49.011758
11.354578, 49.011381
11.354476, 49.011041
11.354384, 49.010665
11.354301, 49.0103
11.354271, 49.009897
11.354267, 49.009482
11.354306, 49.009139
11.354354, 49.008735
11.354476, 49.008297
11.354649, 49.007788
11.35525, 49.006416
11.355773, 49.005227
11.356026, 49.004717
11.356263, 49.004316
11.356484, 49.004002
11.35671, 49.003712
11.356935, 49.003447
11.357178, 49.003184
11.357453, 49.002927
11.357915, 49.002539
11.358352, 49.002217
11.358736, 49.001964
11.359322, 49.00161
11.35998, 49.001276
11.360667, 49.000968
11.360999, 49.000848
11.36139, 49.000707
11.362302, 49.00044
11.36386, 49.00004
11.364024, 48.999998
11.365867, 48.999526
11.36617, 48.999448
11.366223, 48.999434
11.367336, 48.999148
11.367862, 48.99901
11.369106, 48.99869
11.369462, 48.998601
11.370015, 48.998455
11.37126, 48.998102
11.372417, 48.997744
11.373022, 48.99754
11.373893, 48.997214
11.374779, 48.996865
11.375758, 48.996441
11.376721, 48.995993
11.377755, 48.995466
11.378831, 48.994846
11.37976, 48.994257
11.380468, 48.993761
11.380967, 48.993395
11.381594, 48.992901
11.382153, 48.992417
11.382791, 48.99182
11.383296, 48.991306
11.383767, 48.9908
11.384312, 48.990165
11.384743, 48.989644
11.386596, 48.987347
11.388025, 48.985761
11.389427, 48.984377
11.390973, 48.982965
11.391848, 48.982151
11.392248, 48.981776
11.392803, 48.981244
11.393486, 48.980555
11.393867, 48.980156
11.394173, 48.979822
11.394499, 48.979456
11.394889, 48.97901
11.395182, 48.978655
11.395589, 48.978128
11.395979, 48.977582
11.396272, 48.97715
11.39654, 48.976726
11.39662, 48.97659
11.397072, 48.975773
11.397406, 48.975201
11.397728, 48.974576
11.397998, 48.974037
11.398252, 48.973526
11.39853, 48.973019
11.398756, 48.972634
11.398928, 48.972362
11.399147, 48.97206
11.399375, 48.971752
11.399658, 48.971436
11.400052, 48.971001
11.400388, 48.970667
11.400721, 48.970374
11.401185, 48.969998
11.401538, 48.969748
11.402206, 48.969315
11.402936, 48.968888
11.403533, 48.968581
11.404194, 48.968295
11.405034, 48.967968
11.406028, 48.967658
11.406914, 48.967407
11.408874, 48.966949
11.410994, 48.966495
11.411866, 48.966296
11.412529, 48.966128
11.413154, 48.965956
11.413715, 48.965778
11.414161, 48.965628
11.414765, 48.965409
11.415472, 48.965119
11.415942, 48.964914
11.416473, 48.964655
11.416909, 48.964439
11.417411, 48.964149
11.417916, 48.963848
11.418647, 48.963378
11.419308, 48.962927
11.419932, 48.962481
11.420891, 48.96176
11.422101, 48.960827
11.423341, 48.95987
11.424038, 48.959341
11.424532, 48.958937
11.424683, 48.958788
11.425165, 48.958318
11.425667, 48.957828
11.426122, 48.957305
11.426534, 48.956766
11.426814, 48.956357
11.427408, 48.955431
11.427552, 48.955207
11.42791, 48.954654
11.428622, 48.953735
11.428766, 48.953548
11.429025, 48.953274
11.429263, 48.953027
11.429661, 48.952631
11.430073, 48.952252
11.430406, 48.951981
11.431179, 48.951339
11.432293, 48.950472
11.432527, 48.95029
11.433023, 48.949916
11.433062, 48.949886
11.434315, 48.948943
11.434984, 48.948505
11.435695, 48.948075
11.436323, 48.94774
11.436848, 48.947473
11.437489, 48.947163
11.438406, 48.946761
11.440334, 48.945918
11.441143, 48.94555
11.442079, 48.945088
11.442689, 48.94476
11.444055, 48.943978
11.445282, 48.943201
11.446536, 48.942401
11.448481, 48.941174
11.44908, 48.940789
11.449831, 48.940284
11.450433, 48.939833
11.452422, 48.938271
11.454378, 48.936713
11.457681, 48.934124
11.46022, 48.932101
11.461795, 48.930801
11.462074, 48.930559
11.462124, 48.930515
11.462162, 48.930482
11.462396, 48.930262
11.462681, 48.929993
11.463286, 48.929391
11.463647, 48.929021
11.463743, 48.928909
11.464107, 48.92849
11.464126, 48.928468
11.464442, 48.928101
11.464874, 48.927572
11.465186, 48.927145
11.465333, 48.92694
11.46574, 48.92637
11.465974, 48.92601
11.466364, 48.925369
11.466812, 48.924553
11.467186, 48.923779
11.467466, 48.923132
11.467759, 48.922351
11.468214, 48.920918
11.469184, 48.918052
11.469615, 48.916493
11.469776, 48.9157
11.469949, 48.914616
11.470015, 48.913651
11.470037, 48.912935
11.470068, 48.910138
11.470136, 48.907182
11.470171, 48.905106
11.470168, 48.904521
11.470065, 48.903594
11.469967, 48.902954
11.469742, 48.901981
11.469564, 48.901388
11.469333, 48.900764
11.469071, 48.900113
11.468523, 48.898861
11.467767, 48.897004
11.467511, 48.89622
11.467367, 48.895752
11.467052, 48.894597
11.466986, 48.894316
11.466745, 48.892905
11.466692, 48.892405
11.46655, 48.890445
11.466341, 48.887736
11.46631, 48.887332
11.46616, 48.885298
11.466006, 48.88321
11.465998, 48.88242
11.466088, 48.881458
11.466267, 48.880502
11.466513, 48.879632
11.467509, 48.877168
11.467693, 48.876587
11.46784, 48.875947
11.467927, 48.875483
11.467991, 48.874828
11.468015, 48.874369
11.468016, 48.873849
11.467992, 48.873503
11.467939, 48.873124
11.467781, 48.872101
11.467396, 48.86997
11.467362, 48.869775
11.466628, 48.865574
11.465557, 48.859457
11.465215, 48.857688
11.464829, 48.85546
11.464674, 48.85401
11.464632, 48.853197
11.464636, 48.852239
11.464742, 48.850808
11.464849, 48.850046
11.464882, 48.84982
11.465068, 48.848884
11.465288, 48.847927
11.465539, 48.84713
11.465751, 48.846511
11.466051, 48.845722
11.466978, 48.843568
11.46753, 48.842343
11.468154, 48.840909
11.468175, 48.84086
11.46836, 48.84044
11.468916, 48.839177
11.469591, 48.837625
11.470272, 48.836081
11.470568, 48.835409
11.470703, 48.835102
11.470707, 48.835093
11.471418, 48.833464
11.471614, 48.833024
11.472038, 48.832075
11.47221, 48.831634
11.472377, 48.831147
11.47256, 48.830515
11.472657, 48.830032
11.472806, 48.828836
11.472796, 48.827955
11.472765, 48.827518
11.47272, 48.827165
11.47264, 48.826656
11.472506, 48.826096
11.472345, 48.825566
11.472249, 48.825289
11.472113, 48.824945
11.471648, 48.823909
11.470278, 48.82148
11.468776, 48.81874
11.468268, 48.817822
11.468059, 48.817442
11.467497, 48.816452
11.467237, 48.815934
11.467218, 48.815895
11.467033, 48.815506
11.466826, 48.815009
11.466521, 48.814157
11.466379, 48.81369
11.46627, 48.813315
11.466163, 48.812872
11.46615, 48.812821
11.46609, 48.812573
11.46599, 48.811904
11.465954, 48.811588
11.465931, 48.811162
11.465816, 48.808019
11.465738, 48.806195
11.465712, 48.805579
11.465664, 48.805005
11.465592, 48.804433
11.465481, 48.803796
11.46536, 48.80326
11.4652, 48.802684
11.464509, 48.800602
11.463305, 48.797125
11.462841, 48.795787
11.461035, 48.79051
11.460631, 48.789304
11.460295, 48.788298
11.460036, 48.78727
11.459885, 48.786328
11.459805, 48.785384
11.459804, 48.784393
11.459892, 48.783457
11.460056, 48.782141
11.460465, 48.779233
11.460518, 48.778817
11.460696, 48.777382
11.460792, 48.776383
11.460844, 48.775501
11.460847, 48.775453
11.460867, 48.774993
11.460879, 48.774237
11.460875, 48.773719
11.460867, 48.773371
11.460866, 48.773339
11.460849, 48.772756
11.460809, 48.77212
11.460798, 48.77195
11.460779, 48.771736
11.460704, 48.77092
11.460624, 48.770228
11.460476, 48.7693
11.460423, 48.768992
11.460418, 48.768959
11.46032, 48.768496
11.460083, 48.767299
11.459881, 48.766477
11.459336, 48.764552
11.458496, 48.761154
11.457924, 48.758939
11.457869, 48.758688
11.457544, 48.757388
11.457318, 48.756331
11.457188, 48.755439
11.457169, 48.755113
11.457163, 48.755022
11.457144, 48.754591
11.45713, 48.754195
11.45716, 48.753575
11.45724, 48.752899
11.457322, 48.752429
11.457385, 48.752127
11.457424, 48.751943
11.457451, 48.751844
11.457529, 48.751558
11.457774, 48.750729
11.457938, 48.750345
11.458051, 48.750097
11.458395, 48.749335
11.45866, 48.748817
11.458901, 48.748385
11.459286, 48.747764
11.459621, 48.747258
11.460051, 48.746672
11.460705, 48.745844
11.461316, 48.745037
11.462391, 48.743634
11.472874, 48.729848
11.473813, 48.728591
11.474511, 48.727655
11.47747, 48.723786
11.47814, 48.722859
11.478813, 48.721851
11.479417, 48.720903
11.479769, 48.720318
11.480248, 48.71946
11.481403, 48.717223
11.482197, 48.715604
11.482988, 48.714025
11.483681, 48.71263
11.483712, 48.71257
11.483909, 48.712175
11.484367, 48.711257
11.484572, 48.710842
11.485214, 48.709527
11.485232, 48.70949
11.485423, 48.709095
11.485781, 48.708336
11.486129, 48.707509
11.486267, 48.707182
11.486292, 48.707123
11.486829, 48.70585
11.48692, 48.705629
11.488756, 48.701132
11.49019, 48.697502
11.491117, 48.695467
11.492168, 48.693569
11.492679, 48.692709
11.493229, 48.691891
11.495266, 48.689045
11.497518, 48.685899
11.498276, 48.684829
11.499307, 48.68337
11.499321, 48.68335
11.499533, 48.683039
11.499538, 48.683032
11.501845, 48.67958
11.502057, 48.679262
11.502076, 48.679235
11.502874, 48.678041
11.502998, 48.677868
11.506748, 48.671915
11.507722, 48.670223
11.508383, 48.668941
11.509324, 48.667001
11.509707, 48.666139
11.509987, 48.665485
11.510443, 48.664305
11.510743, 48.663453
11.511067, 48.662427
11.511444, 48.66102
11.51268, 48.656139
11.513551, 48.652854
11.513621, 48.652577
11.51374, 48.65211
11.513885, 48.651536
11.514354, 48.64971
11.514505, 48.649254
11.514592, 48.648992
11.515031, 48.647935
11.51505, 48.647895
11.515179, 48.647646
11.515488, 48.647048
11.516062, 48.646033
11.516146, 48.645884
11.516231, 48.645739
11.516366, 48.645511
11.516624, 48.645067
11.516996, 48.644403
11.517485, 48.643589
11.518004, 48.642668
11.518898, 48.64114
11.518991, 48.640982
11.519833, 48.639544
11.520565, 48.638244
11.521321, 48.636916
11.522977, 48.634052
11.523539, 48.632983
11.523981, 48.631868
11.524408, 48.630356
11.52459, 48.629338
11.524651, 48.628453
11.524702, 48.627591
11.524776, 48.626896
11.524879, 48.626109
11.524964, 48.625752
11.525032, 48.625462
11.525078, 48.625268
11.525269, 48.624595
11.525595, 48.623779
11.525955, 48.623081
11.526367, 48.622406
11.526779, 48.621793
11.527292, 48.621199
11.527879, 48.620551
11.52845, 48.61997
11.528976, 48.619497
11.529553, 48.619028
11.530063, 48.618641
11.530642, 48.618245
11.531253, 48.617851
11.531662, 48.617597
11.532357, 48.617226
11.533166, 48.616806
11.534881, 48.615985
11.535102, 48.615879
11.536283, 48.615287
11.536967, 48.614916
11.537894, 48.614368
11.538391, 48.614061
11.539255, 48.613469
11.539815, 48.613077
11.539962, 48.612959
11.540654, 48.612402
11.541669, 48.611505
11.54351, 48.609832
11.543916, 48.609433
11.544818, 48.608603
11.545444, 48.608037
11.546089, 48.607459
11.546748, 48.606885
11.547365, 48.606371
11.547813, 48.606023
11.548315, 48.605654
11.548935, 48.605219
11.549195, 48.605039
11.550117, 48.604411
11.552505, 48.602781
11.554398, 48.601488
11.555168, 48.600964
11.5564, 48.600124
11.557455, 48.599394
11.558589, 48.598563
11.559494, 48.597815
11.55975, 48.597599
11.562679, 48.59513
11.562974, 48.594876
11.567553, 48.591044
11.568269, 48.590446
11.56971, 48.589218
11.570285, 48.588752
11.571731, 48.587679
11.573415, 48.586643
11.574711, 48.585947
11.576543, 48.585134
11.576927, 48.584972
11.578071, 48.584535
11.578988, 48.584216
11.581156, 48.583558
11.581808, 48.58335
11.582706, 48.583075
11.583683, 48.582778
11.585946, 48.582091
11.586017, 48.58207
11.586389, 48.58195
11.586797, 48.58182
11.58766, 48.581495
11.58808, 48.581308
11.588611, 48.581027
11.589008, 48.580808
11.589328, 48.580612
11.589679, 48.580374
11.590071, 48.580071
11.590383, 48.579829
11.590547, 48.579693
11.590864, 48.579387
11.591466, 48.578689
11.591677, 48.578395
11.59197, 48.577868
11.592153, 48.577482
11.592279, 48.577173
11.59237, 48.57686
11.592459, 48.57653
11.592523, 48.576181
11.592551, 48.575924
11.592569, 48.575627
11.592569, 48.575255
11.592533, 48.57432
11.592522, 48.573606
11.592496, 48.57323
11.592462, 48.572351
11.592457, 48.572109
11.592414, 48.571011
11.592343, 48.569349
11.592249, 48.568542
11.592103, 48.567838
11.59188, 48.567066
11.591708, 48.566576
11.591477, 48.56599
11.58956, 48.562154
11.589156, 48.56133
11.58898, 48.560952
11.588789, 48.560486
11.588633, 48.560061
11.588612, 48.559995
11.58848, 48.559425
11.58843, 48.559129
11.588424, 48.559095
11.588362, 48.558685
11.588346, 48.558454
11.588327, 48.558177
11.588315, 48.557728
11.588336, 48.557244
11.588377, 48.556866
11.588448, 48.556489
11.588545, 48.556075
11.588689, 48.555619
11.58886, 48.555188
11.589186, 48.554527
11.589899, 48.553357
11.590126, 48.552984
11.590964, 48.551729
11.592061, 48.550027
11.592211, 48.549765
11.592838, 48.548789
11.593071, 48.548348
11.593283, 48.547861
11.593514, 48.547239
11.593701, 48.546522
11.594342, 48.542458
11.594652, 48.540366
11.594966, 48.538443
11.595105, 48.537512
11.595149, 48.536986
11.595151, 48.536367
11.595106, 48.535884
11.595039, 48.535485
11.594827, 48.534763
11.594667, 48.534315
11.594525, 48.533992
11.594275, 48.533536
11.594056, 48.533164
11.593812, 48.532808
11.59347, 48.532371
11.593104, 48.531961
11.592625, 48.531477
11.591579, 48.530564
11.591233, 48.530262
11.590539, 48.529651
11.588639, 48.527986
11.586989, 48.526547
11.58625, 48.525883
11.585572, 48.525167
11.585095, 48.524614
11.584555, 48.52389
11.584284, 48.523493
11.58405, 48.523108
11.583852, 48.522752
11.583614, 48.522282
11.583411, 48.521846
11.58333, 48.521636
11.583165, 48.521207
11.583073, 48.520934
11.582911, 48.520356
11.582906, 48.520335
11.582827, 48.51995
11.582763, 48.519595
11.58271, 48.519181
11.582658, 48.518434
11.582658, 48.517936
11.582688, 48.517351
11.58279, 48.51574
11.582811, 48.515388
11.582812, 48.51537
11.582844, 48.514755
11.582889, 48.514393
11.582969, 48.513991
11.583103, 48.513414
11.583217, 48.513015
11.583339, 48.512652
11.58349, 48.512229
11.583651, 48.511856
11.584006, 48.511117
11.584644, 48.51007
11.585093, 48.509459
11.585608, 48.508836
11.586154, 48.508224
11.58734, 48.506927
11.587371, 48.506894
11.587716, 48.506502
11.588511, 48.505617
11.588751, 48.505349
11.588767, 48.505332
11.589262, 48.50477
11.589497, 48.504508
11.589926, 48.504034
11.590986, 48.502871
11.591836, 48.50192
11.592446, 48.501207
11.592851, 48.500652
11.593162, 48.500189
11.593425, 48.499754
11.59366, 48.499309
11.593838, 48.49895
11.594026, 48.498507
11.594204, 48.498052
11.594348, 48.497628
11.594508, 48.49698
11.594574, 48.496672
11.594628, 48.496366
11.594667, 48.496019
11.594699, 48.495658
11.59472, 48.495308
11.594728, 48.494954
11.594725, 48.494669
11.594705, 48.494373
11.594682, 48.494083
11.594648, 48.493801
11.594535, 48.493118
11.594405, 48.492635
11.594291, 48.492223
11.594173, 48.491873
11.594017, 48.491492
11.593772, 48.490894
11.59363, 48.490613
11.593455, 48.490281
11.593282, 48.489994
11.592963, 48.489499
11.592556, 48.488879
11.591309, 48.487038
11.59068, 48.48606
11.589576, 48.484435
11.587026, 48.480611
11.586631, 48.480003
11.586381, 48.479591
11.58614, 48.479154
11.585844, 48.478522
11.585669, 48.478112
11.585526, 48.477697
11.585396, 48.477282
11.585284, 48.476843
11.585144, 48.476054
11.585062, 48.475375
11.585049, 48.474907
11.585045, 48.474527
11.585072, 48.474092
11.585144, 48.473487
11.585226, 48.472998
11.585358, 48.472414
11.585688, 48.471392
11.586008, 48.470583
11.587008, 48.468094
11.587545, 48.466761
11.587654, 48.466465
11.587661, 48.466448
11.58776, 48.466187
11.589024, 48.463032
11.589171, 48.462667
11.589188, 48.462624
11.589239, 48.462498
11.58949, 48.461838
11.590031, 48.460472
11.590338, 48.459561
11.59046, 48.459085
11.590573, 48.458601
11.590684, 48.457935
11.59075, 48.457306
11.590806, 48.456517
11.59081, 48.455896
11.590763, 48.455208
11.590564, 48.453623
11.590314, 48.451827
11.590049, 48.44991
11.589932, 48.449097
11.589376, 48.445089
11.589253, 48.444185
11.589137, 48.442544
11.589114, 48.441799
11.589114, 48.440439
11.589118, 48.438022
11.589224, 48.432557
11.589249, 48.430889
11.589255, 48.430388
11.589258, 48.430032
11.589286, 48.428681
11.589292, 48.427689
11.589302, 48.426859
11.589311, 48.426171
11.589337, 48.424654
11.589343, 48.424212
11.589387, 48.421682
11.589397, 48.419174
11.589412, 48.418191
11.589476, 48.414102
11.589507, 48.412076
11.58959, 48.406058
11.589616, 48.404741
11.589686, 48.403655
11.589863, 48.402558
11.590104, 48.401589
11.590447, 48.400574
11.590635, 48.400065
11.590797, 48.399686
11.591626, 48.398181
11.591818, 48.397882
11.592325, 48.397119
11.593611, 48.395447
11.593936, 48.395032
11.595034, 48.393529
11.595463, 48.392816
11.595924, 48.39199
11.596331, 48.391054
11.596653, 48.390142
11.596885, 48.389386
11.596974, 48.388935
11.597126, 48.388054
11.597207, 48.387209
11.597223, 48.386369
11.597194, 48.385322
11.59704, 48.383901
11.596812, 48.382027
11.596751, 48.381527
11.596391, 48.378299
11.596356, 48.377978
11.596146, 48.37607
11.595353, 48.368854
11.595222, 48.367658
11.595002, 48.365612
11.594949, 48.364958
11.594955, 48.364327
11.594975, 48.363752
11.595097, 48.362635
11.595369, 48.361419
11.595622, 48.360552
11.59603, 48.359509
11.596612, 48.358345
11.600515, 48.35182
11.602833, 48.347971
11.604662, 48.344899
11.605391, 48.343677
11.606786, 48.341268
11.607205, 48.340521
11.607271, 48.340405
11.607926, 48.339268
11.609674, 48.336242
11.611279, 48.333369
11.611649, 48.33275
11.611737, 48.332605
11.611794, 48.332502
11.612838, 48.330778
11.613697, 48.329205
11.614187, 48.32829
11.614605, 48.327475
11.615106, 48.326454
11.615836, 48.325082
11.615913, 48.324936
11.616379, 48.324048
11.617118, 48.322676
11.617374, 48.322207
11.61741, 48.322144
11.618108, 48.320975
11.620543, 48.316726
11.620985, 48.315957
11.621783, 48.31457
11.622106, 48.314048
11.624788, 48.309846
11.6248, 48.309828
11.625536, 48.3087
11.625987, 48.307981
11.626585, 48.306964
11.626751, 48.306672
11.626842, 48.306517
11.627328, 48.305672
11.628062, 48.304398
11.629187, 48.302474
11.629565, 48.301842
11.630838, 48.299717
11.630867, 48.299668
11.631109, 48.299255
11.631815, 48.298049
11.632126, 48.297518
11.632164, 48.297452
11.633019, 48.295945
11.633274, 48.295491
11.634588, 48.293031
11.635212, 48.291844
11.635682, 48.290959
11.636008, 48.290381
11.636384, 48.289634
11.637211, 48.288062
11.638032, 48.286526
11.638757, 48.285136
11.639345, 48.283969
11.639657, 48.283297
11.640126, 48.282206
11.640444, 48.281418
11.640747, 48.280624
11.64101, 48.279871
11.641643, 48.278013
11.642124, 48.276663
11.642435, 48.275752
11.642872, 48.274486
11.643243, 48.27338
11.643431, 48.272801
11.64394, 48.271307
11.644684, 48.26909
11.645384, 48.266971
11.645388, 48.266958
11.645348, 48.266674
11.645386, 48.266433
11.645379, 48.266276
11.645341, 48.266147
11.645271, 48.266033
11.645177, 48.265911
11.644921, 48.265677
11.644709, 48.26548
11.644543, 48.265272
11.644491, 48.265143
11.644464, 48.26499
11.644488, 48.264884
11.64455, 48.264545
11.644569, 48.264486
11.644548, 48.264114
11.644662, 48.264126
11.645193, 48.264169
11.645593, 48.264189
11.645978, 48.264206
11.646968, 48.26422
11.647342, 48.264215
11.647793, 48.264201
11.648538, 48.264168
11.648877, 48.26415
11.649663, 48.264088
11.650083, 48.264051
11.650512, 48.264006
11.651087, 48.263928
11.651843, 48.263804
11.652374, 48.263716
11.65253, 48.263684
11.653099, 48.263569
11.654722, 48.26323
11.655602, 48.263043
11.655866, 48.26299
11.656415, 48.26287
11.657685, 48.262598
11.657907, 48.262552
11.658108, 48.262509
11.658466, 48.262433
11.65917, 48.262279
11.659363, 48.262243
11.659554, 48.262224
11.65985, 48.262217
11.660125, 48.262216
11.661146, 48.262101
11.661957, 48.262002
11.661987, 48.261999
11.663023, 48.261872
11.663285, 48.261841
11.663906, 48.261768
11.665174, 48.261616
11.665878, 48.261528
11.665896, 48.261525
11.66612, 48.2615
11.666965, 48.261398
11.66847, 48.261219
11.668946, 48.261161
11.669091, 48.261141
11.66954, 48.261086
11.669638, 48.261089
11.669725, 48.261113
11.669791, 48.261149
11.669854, 48.261251
11.669972, 48.261537
11.670215, 48.262182
11.670352, 48.262541
11.67074, 48.26349
11.670811, 48.263678
11.670823, 48.263711
11.670846, 48.263774
11.670894, 48.2639
11.67097, 48.264108
11.670979, 48.264139
11.671165, 48.264805
11.671174, 48.26484
11.671195, 48.264912
11.671215, 48.264986
11.671225, 48.26502
11.671382, 48.265566
11.671388, 48.265588
