10.515355, 52.306776
10.515358, 52.306703
10.515392, 52.306494
10.515454, 52.306294
10.515666, 52.305731
10.515843, 52.304886
10.515876, 52.304587
10.515894, 52.304422
10.516055, 52.30446
10.516023, 52.304597
10.515765, 52.305735
10.515718, 52.305928
10.515675, 52.306119
10.515572, 52.306583
10.515529, 52.306787
10.515521, 52.306825
10.515412, 52.30704
10.515085, 52.307077
10.515012, 52.307086
10.514624, 52.307123
10.514303, 52.30718
10.513846, 52.307283
10.513631, 52.307344
10.513585, 52.307356
10.513436, 52.307406
10.51338, 52.307424
10.513267, 52.307335
10.513114, 52.307186
10.513075, 52.307149
10.512974, 52.306953
10.512615, 52.306631
10.512379, 52.306454
10.512276, 52.306383
10.512133, 52.306295
10.511882, 52.306182
10.51154, 52.306131
10.511345, 52.306127
10.511159, 52.306146
10.511035, 52.306185
10.510938, 52.30623
10.51085, 52.306282
10.510785, 52.306348
10.51074, 52.306436
10.510725, 52.306521
10.510722, 52.306585
10.510768, 52.306779
10.510846, 52.307009
10.511282, 52.307735
10.511552, 52.308186
10.512407, 52.309457
10.512889, 52.310083
10.513444, 52.310713
10.513899, 52.311224
10.514168, 52.311409
10.514717, 52.311907
10.515124, 52.312274
10.515718, 52.312797
10.51604, 52.312984
10.516219, 52.313069
10.516421, 52.313139
10.516619, 52.313181
10.516796, 52.313194
10.517025, 52.313192
10.517314, 52.313161
10.517638, 52.313121
10.517921, 52.313117
10.518112, 52.313136
10.518299, 52.313175
10.518552, 52.313273
10.518758, 52.313393
10.519006, 52.313578
10.519152, 52.313683
10.519285, 52.313744
10.519504, 52.313822
10.519807, 52.313868
10.520161, 52.313874
10.520524, 52.313856
10.523511, 52.313452
10.52477, 52.313374
10.525816, 52.313319
10.527214, 52.313224
10.527867, 52.313196
10.529088, 52.313154
10.529558, 52.313155
10.531159, 52.313147
10.532179, 52.31316
10.534956, 52.313221
10.535524, 52.313229
10.545325, 52.313154
10.5532, 52.313073
10.556004, 52.313044
10.559304, 52.313022
10.559906, 52.313022
10.56156, 52.312996
10.563207, 52.312977
10.566361, 52.31291
10.570076, 52.3128
10.57225, 52.312693
10.577237, 52.312348
10.581525, 52.312016
10.592156, 52.311134
10.597479, 52.310701
10.602786, 52.310215
10.605043, 52.31003
10.605684, 52.309985
10.60751, 52.309869
10.609844, 52.309776
10.612816, 52.309701
10.614091, 52.309691
10.614885, 52.309694
10.619234, 52.309756
10.621787, 52.309766
10.624284, 52.309781
10.626744, 52.309748
10.6281, 52.309735
10.62912, 52.309723
10.629373, 52.309721
10.632369, 52.309697
10.633157, 52.309696
10.633651, 52.309688
10.634794, 52.309679
10.656518, 52.309493
10.660945, 52.309383
10.670181, 52.309077
10.674847, 52.308942
10.683198, 52.308657
10.684817, 52.308599
10.686084, 52.308551
10.687387, 52.308525
10.694793, 52.308284
10.696023, 52.308244
10.69698, 52.308217
10.697195, 52.308211
10.697422, 52.308204
10.697665, 52.308194
10.702717, 52.308015
10.704105, 52.307968
10.704517, 52.307954
10.706029, 52.307925
10.706988, 52.30791
10.708417, 52.307902
10.711, 52.307911
10.714151, 52.307977
10.714847, 52.307988
10.719589, 52.308095
10.723376, 52.308186
10.724801, 52.308236
10.725908, 52.308289
10.727747, 52.308409
10.72893, 52.308493
10.730678, 52.308662
10.731063, 52.308703
10.733442, 52.30896
10.735398, 52.309173
10.738031, 52.309455
10.741592, 52.309838
10.748924, 52.310627
10.750811, 52.310833
10.753811, 52.311161
10.755254, 52.311317
10.756672, 52.311458
10.761853, 52.312036
10.764767, 52.312381
10.768397, 52.312782
10.771036, 52.313075
10.772939, 52.313282
10.774004, 52.313391
10.774871, 52.313462
10.775562, 52.313515
10.77604, 52.313546
10.776596, 52.313581
10.777185, 52.313614
10.778128, 52.313649
10.778959, 52.313668
10.779916, 52.313684
10.78069, 52.313685
10.781396, 52.313684
10.782096, 52.313669
10.782914, 52.313649
10.783949, 52.313609
10.784988, 52.313554
10.785806, 52.313498
10.786652, 52.313437
10.787649, 52.313359
10.789241, 52.313228
10.797304, 52.312559
10.79812, 52.312495
10.799722, 52.31236
10.807572, 52.311712
10.808733, 52.311651
10.809567, 52.311588
10.81007, 52.311544
10.812389, 52.31135
10.815723, 52.31104
10.816413, 52.310981
10.820127, 52.310702
10.822044, 52.310494
10.822731, 52.310436
10.824094, 52.310284
10.825272, 52.310139
10.826182, 52.310007
10.82708, 52.309869
10.827854, 52.309737
10.828745, 52.309574
10.829586, 52.309416
10.83037, 52.309252
10.831003, 52.309115
10.831754, 52.308938
10.832197, 52.30883
10.833217, 52.30857
10.834541, 52.308206
10.83573, 52.307851
10.83836, 52.307022
10.838888, 52.306858
10.840825, 52.306259
10.844064, 52.305246
10.846253, 52.304551
10.848174, 52.303952
10.857111, 52.301162
10.859764, 52.300336
10.861522, 52.299774
10.862396, 52.29947
10.863034, 52.299244
10.863746, 52.298974
10.864565, 52.298644
10.866115, 52.298007
10.870376, 52.296216
10.8707, 52.296077
10.874426, 52.294526
10.878344, 52.292887
10.882269, 52.29124
10.884184, 52.290429
10.885519, 52.289869
10.888792, 52.288498
10.891177, 52.287496
10.892737, 52.28685
10.893467, 52.286558
10.894401, 52.286201
10.895056, 52.285961
10.895955, 52.285651
10.896683, 52.285409
10.897375, 52.285194
10.89808, 52.284981
10.898821, 52.284768
10.899602, 52.284553
10.900409, 52.28434
10.901287, 52.284121
10.901946, 52.28397
10.903174, 52.283715
10.903917, 52.28356
10.905104, 52.283339
10.906026, 52.283184
10.90689, 52.283055
10.908008, 52.282899
10.908869, 52.282795
10.909795, 52.282688
10.911812, 52.282477
10.914467, 52.282209
10.91585, 52.282064
10.918095, 52.281831
10.920621, 52.281567
10.922862, 52.281314
10.923468, 52.281244
10.924505, 52.281095
10.925433, 52.280944
10.926274, 52.280793
10.927018, 52.280647
10.928252, 52.280385
10.92863, 52.280297
10.929272, 52.280142
10.92994, 52.27997
10.930882, 52.279714
10.93136, 52.279578
10.931893, 52.279418
10.932773, 52.279141
10.933623, 52.278855
10.934388, 52.278582
10.935054, 52.278333
10.935608, 52.278112
10.936398, 52.27779
10.937451, 52.277338
10.940214, 52.276119
10.944912, 52.274019
10.947513, 52.272898
10.948185, 52.272598
10.948662, 52.272394
10.949494, 52.272037
10.95055, 52.271627
10.951838, 52.271154
10.953225, 52.270706
10.954169, 52.270427
10.955043, 52.270196
10.955885, 52.269981
10.957124, 52.269711
10.958112, 52.269522
10.959399, 52.269294
10.960413, 52.269135
10.961347, 52.269009
10.962535, 52.268862
10.963567, 52.268755
10.96553, 52.268547
10.966168, 52.268477
10.967809, 52.268251
10.96897, 52.268055
10.970283, 52.267793
10.971734, 52.267456
10.973107, 52.26711
10.974952, 52.266537
10.976858, 52.265902
10.978566, 52.265345
10.98049, 52.264696
10.981304, 52.264423
10.982471, 52.263991
10.983554, 52.263552
10.984059, 52.263343
10.984797, 52.263023
10.985821, 52.262504
10.986203, 52.262294
10.986878, 52.261916
10.987029, 52.261832
10.987507, 52.261558
10.988198, 52.261121
10.988822, 52.260738
10.989741, 52.260086
10.990676, 52.259351
10.991938, 52.258263
10.992144, 52.258088
10.992558, 52.257735
10.992985, 52.25737
10.993972, 52.256524
10.994968, 52.255631
10.996358, 52.25426
10.997923, 52.252632
10.998188, 52.252359
10.999136, 52.251367
11.000343, 52.250113
11.000412, 52.250037
11.0032, 52.247184
11.003821, 52.246608
11.004336, 52.246156
11.004979, 52.245625
11.005597, 52.245141
11.00613, 52.244747
11.006627, 52.244385
11.006898, 52.244196
11.007207, 52.243996
11.008065, 52.243491
11.00858, 52.243208
11.009647, 52.242661
11.010678, 52.242161
11.011112, 52.241946
11.011738, 52.241652
11.012733, 52.241195
11.013754, 52.240704
11.01417, 52.240509
11.014856, 52.240131
11.015371, 52.239848
11.01581, 52.239593
11.016327, 52.239282
11.01688, 52.238924
11.017593, 52.238428
11.018151, 52.238023
11.018753, 52.237547
11.019293, 52.237085
11.020445, 52.236082
11.020653, 52.235885
11.020738, 52.235798
11.021591, 52.235136
11.022142, 52.234701
11.022621, 52.234344
11.023073, 52.234038
11.02366, 52.23365
11.024524, 52.233111
11.025015, 52.232831
11.025827, 52.232379
11.026258, 52.232163
11.026918, 52.231804
11.027965, 52.231316
11.029484, 52.230637
11.031484, 52.229744
11.03326, 52.228972
11.034475, 52.228421
11.036567, 52.227491
11.036897, 52.227346
11.038103, 52.226822
11.041405, 52.225466
11.04286, 52.224894
11.044909, 52.224088
11.048321, 52.22278
11.05021, 52.222058
11.050541, 52.22193
11.050767, 52.22184
11.052704, 52.221111
11.054283, 52.220491
11.055211, 52.220132
11.056526, 52.219644
11.056981, 52.219486
11.057662, 52.219242
11.058343, 52.219011
11.05909, 52.218776
11.059778, 52.218583
11.060493, 52.218389
11.061189, 52.218215
11.061974, 52.218038
11.062565, 52.217909
11.06325, 52.217773
11.064239, 52.217602
11.065289, 52.21744
11.06588, 52.217359
11.066564, 52.217273
11.067399, 52.217187
11.06813, 52.217129
11.069112, 52.217058
11.07166, 52.21692
11.074342, 52.216759
11.080488, 52.216409
11.083948, 52.216144
11.084667, 52.216065
11.08566, 52.215952
11.086195, 52.215883
11.086726, 52.215805
11.087739, 52.215651
11.088482, 52.215517
11.088943, 52.215419
11.089886, 52.215222
11.090483, 52.215082
11.091265, 52.214897
11.091672, 52.214791
11.092069, 52.214679
11.092595, 52.21453
11.093136, 52.214363
11.094196, 52.214018
11.095412, 52.213585
11.096972, 52.213017
11.098026, 52.212661
11.098939, 52.212362
11.099678, 52.21214
11.10033, 52.211956
11.101483, 52.211642
11.105065, 52.210675
11.107012, 52.210164
11.108084, 52.209897
11.109576, 52.209528
11.110483, 52.209319
11.111542, 52.20909
11.112208, 52.208954
11.112795, 52.208846
11.11368, 52.208696
11.114554, 52.208558
11.115545, 52.208427
11.116618, 52.208303
11.117652, 52.208204
11.119423, 52.208072
11.120013, 52.20803
11.122388, 52.207873
11.126276, 52.207608
11.126949, 52.207563
11.131628, 52.207248
11.132483, 52.207202
11.132683, 52.207192
11.133363, 52.207164
11.134168, 52.207137
11.134935, 52.207127
11.135662, 52.20714
11.136418, 52.207166
11.137232, 52.207198
11.138467, 52.20728
11.138572, 52.207288
11.138991, 52.20732
11.139493, 52.207367
11.140566, 52.207456
11.141461, 52.207537
11.141981, 52.207582
11.146027, 52.207955
11.146575, 52.208008
11.147437, 52.208078
11.148978, 52.208211
11.149858, 52.208281
11.150646, 52.208333
11.151456, 52.208376
11.152234, 52.208405
11.153048, 52.208437
11.153832, 52.208448
11.154378, 52.208456
11.155174, 52.208453
11.155957, 52.208446
11.157138, 52.208416
11.15783, 52.208392
11.158901, 52.208338
11.159684, 52.208292
11.160749, 52.208208
11.161519, 52.208142
11.162318, 52.208058
11.163091, 52.207971
11.163773, 52.207882
11.164238, 52.207823
11.164876, 52.207731
11.165856, 52.207582
11.166844, 52.207414
11.1675, 52.207297
11.168492, 52.207099
11.16949, 52.20689
11.170496, 52.206666
11.171739, 52.20638
11.173716, 52.205911
11.17621, 52.205328
11.178191, 52.204858
11.180415, 52.204338
11.182411, 52.203879
11.183651, 52.20361
11.184903, 52.203361
11.185748, 52.203211
11.186969, 52.203015
11.18802, 52.202864
11.1893, 52.202708
11.190408, 52.202588
11.191666, 52.202476
11.192993, 52.202376
11.194667, 52.202266
11.196495, 52.202168
11.199612, 52.202022
11.201231, 52.20194
11.202021, 52.201902
11.217188, 52.201175
11.220326, 52.201021
11.220847, 52.200995
11.222592, 52.200914
11.225962, 52.200751
11.227682, 52.20067
11.229417, 52.200579
11.229917, 52.200554
11.231624, 52.200478
11.233046, 52.2004
11.234447, 52.200314
11.235998, 52.20021
11.237052, 52.20012
11.238361, 52.199995
11.238584, 52.199974
11.23882, 52.199951
11.23901, 52.199933
11.239545, 52.199873
11.242612, 52.199501
11.243587, 52.199376
11.249153, 52.198642
11.250824, 52.198423
11.252809, 52.198154
11.253737, 52.19803
11.254022, 52.197993
11.257056, 52.197593
11.26085, 52.197082
11.261341, 52.197019
11.263114, 52.196776
11.263379, 52.19674
11.264217, 52.196626
11.266408, 52.196345
11.268114, 52.196112
11.269704, 52.195899
11.269992, 52.195859
11.270697, 52.195767
11.295381, 52.192473
11.29592, 52.192399
11.297791, 52.192157
11.299798, 52.191904
11.30191, 52.191661
11.302286, 52.191619
11.309412, 52.190978
11.316431, 52.190364
11.342725, 52.187999
11.35011, 52.187359
11.351826, 52.187224
11.353855, 52.1871
11.35553, 52.18703
11.357379, 52.186992
11.359213, 52.186982
11.36132, 52.18699
11.364281, 52.187009
11.368821, 52.187033
11.371339, 52.18704
11.378701, 52.187078
11.385549, 52.187125
11.38967, 52.187145
11.390248, 52.187153
11.390478, 52.187157
11.390904, 52.187163
11.39275, 52.187202
11.411466, 52.187796
11.411727, 52.187804
11.417387, 52.187961
11.421116, 52.188083
11.421316, 52.188089
11.425004, 52.188189
11.427194, 52.188275
11.427721, 52.188286
11.428117, 52.188299
11.431281, 52.188374
11.43304, 52.18834
11.434947, 52.188213
11.436681, 52.188055
11.438976, 52.187713
11.440871, 52.187331
11.442422, 52.18697
11.445098, 52.186229
11.445931, 52.185996
11.446131, 52.18594
11.447787, 52.185467
11.456841, 52.182882
11.459147, 52.182237
11.461973, 52.181406
11.477811, 52.176905
11.48023, 52.176207
11.481398, 52.175809
11.482756, 52.175288
11.483737, 52.174886
11.484912, 52.174398
11.488345, 52.172961
11.490941, 52.171898
11.495753, 52.16991
11.496889, 52.169441
11.498035, 52.168978
11.500317, 52.168032
11.501726, 52.167503
11.502298, 52.167286
11.503331, 52.16693
11.504513, 52.166542
11.505427, 52.166275
11.506084, 52.166094
11.506748, 52.165923
11.507377, 52.165776
11.508014, 52.165633
11.50863, 52.165512
11.509261, 52.165391
11.509746, 52.165306
11.510249, 52.165222
11.510792, 52.165139
11.511342, 52.16506
11.512022, 52.16498
11.512709, 52.164904
11.513447, 52.164838
11.514185, 52.164782
11.514783, 52.164743
11.515362, 52.164717
11.515852, 52.164702
11.516218, 52.164695
11.517429, 52.164676
11.518239, 52.164688
11.519016, 52.164707
11.519792, 52.16474
11.520714, 52.164806
11.521635, 52.164881
11.522505, 52.164969
11.523273, 52.16506
11.523655, 52.165112
11.525484, 52.165383
11.527019, 52.165604
11.528547, 52.165833
11.53215, 52.166363
11.532532, 52.166337
11.53321, 52.166415
11.534398, 52.166568
11.536571, 52.1669
11.536767, 52.166882
11.537488, 52.166966
11.538402, 52.166988
11.538799, 52.16697
11.539265, 52.166909
11.539737, 52.166833
11.540188, 52.166734
11.540653, 52.166604
11.541283, 52.166418
11.54216, 52.166158
11.542611, 52.166003
11.542874, 52.16589
11.54316, 52.165751
11.543541, 52.165504
11.543814, 52.16529
11.543997, 52.165112
11.5442, 52.164856
11.544351, 52.164615
11.544495, 52.164323
11.544552, 52.164124
11.544584, 52.16392
11.544603, 52.16368
11.544574, 52.163334
11.54453, 52.16291
11.544506, 52.162579
11.544503, 52.162321
11.544502, 52.162112
11.544489, 52.161447
11.544527, 52.161289
11.544314, 52.159358
11.544166, 52.157475
11.544044, 52.156343
11.543936, 52.155392
11.54384, 52.154439
11.543731, 52.153471
11.543598, 52.152439
11.543514, 52.151795
11.543438, 52.151326
11.543332, 52.150676
11.54322, 52.150042
11.543103, 52.149407
11.543018, 52.149023
11.542932, 52.148639
11.542808, 52.148116
11.542689, 52.147642
11.542608, 52.147332
11.542521, 52.147014
11.542351, 52.146431
11.542228, 52.146023
11.542041, 52.145433
11.541629, 52.144248
11.541488, 52.143869
11.541299, 52.143375
11.541106, 52.142902
11.540916, 52.142442
11.540692, 52.141929
11.540578, 52.141679
11.540141, 52.140754
11.539742, 52.139945
11.539283, 52.139062
11.538226, 52.13723
11.537499, 52.136046
11.536535, 52.134538
11.535205, 52.132502
11.534138, 52.130827
11.533155, 52.129241
11.532404, 52.127945
11.5318, 52.12683
11.531362, 52.125961
11.530406, 52.123863
11.529815, 52.122367
11.529362, 52.121052
11.52889, 52.119488
11.528431, 52.117713
11.528108, 52.115921
11.527865, 52.114074
11.527726, 52.112253
11.527688, 52.110415
11.527745, 52.108605
11.527769, 52.108174
11.527856, 52.107227
11.528089, 52.105536
11.528414, 52.10375
11.528837, 52.101953
11.52937, 52.100183
11.529997, 52.098427
11.530696, 52.096722
11.531387, 52.095213
11.532378, 52.093334
11.533817, 52.090958
11.534964, 52.089283
11.535702, 52.088275
11.536602, 52.087123
11.537802, 52.085696
11.538422, 52.08498
11.539065, 52.084274
11.539552, 52.083767
11.539818, 52.083489
11.540074, 52.083226
11.540681, 52.082611
11.540993, 52.082305
11.541739, 52.08155
11.542339, 52.080986
11.542967, 52.080431
11.54356, 52.07991
11.544166, 52.079384
11.544799, 52.07886
11.545416, 52.078351
11.545917, 52.077954
11.546695, 52.077344
11.547347, 52.076853
11.548173, 52.076243
11.548903, 52.075722
11.549457, 52.075375
11.551448, 52.074008
11.552408, 52.073415
11.554275, 52.072258
11.555824, 52.071388
11.556391, 52.071071
11.558837, 52.069782
11.561367, 52.068533
11.563613, 52.067498
11.565086, 52.066875
11.566168, 52.066411
11.567318, 52.065942
11.569287, 52.065193
11.571991, 52.064222
11.57372, 52.063644
11.57595, 52.062942
11.577854, 52.062385
11.581463, 52.061386
11.582809, 52.061034
11.584218, 52.060673
11.58577, 52.060281
11.58963, 52.059314
11.589885, 52.05925
11.592557, 52.058591
11.595367, 52.057893
11.598198, 52.057193
11.602442, 52.056138
11.606764, 52.055059
11.609462, 52.054392
11.610346, 52.054165
11.612322, 52.053669
11.613829, 52.053299
11.615322, 52.0529
11.615921, 52.052731
11.616654, 52.052515
11.617963, 52.052101
11.61862, 52.051867
11.618944, 52.051748
11.619266, 52.051625
11.620128, 52.051281
11.620413, 52.05116
11.620697, 52.051037
11.621358, 52.050743
11.621993, 52.050437
11.622634, 52.050115
11.623258, 52.04978
11.62378, 52.04949
11.624283, 52.049182
11.624814, 52.048861
11.625319, 52.048529
11.626298, 52.047833
11.627306, 52.047032
11.628265, 52.046195
11.629085, 52.04536
11.629751, 52.044611
11.630225, 52.044052
11.630897, 52.043163
11.631602, 52.04223
11.63249, 52.041051
11.634642, 52.038144
11.639543, 52.031612
11.643158, 52.026765
11.645794, 52.023217
11.646427, 52.022386
11.649706, 52.017965
11.650207, 52.01732
11.652116, 52.014743
11.65241, 52.014358
11.65331, 52.013148
11.654447, 52.011569
11.655451, 52.01013
11.65589, 52.009464
11.656969, 52.007822
11.658022, 52.006165
11.659172, 52.004222
11.66018, 52.002439
11.661551, 51.999818
11.662219, 51.998467
11.662856, 51.997105
11.663405, 51.995842
11.663605, 51.995363
11.66494, 51.992041
11.665557, 51.990381
11.666204, 51.988544
11.666841, 51.986692
11.66837, 51.982054
11.669093, 51.979696
11.669429, 51.978738
11.67089, 51.974387
11.672896, 51.969134
11.672992, 51.968926
11.673102, 51.968676
11.673931, 51.966922
11.674051, 51.9667
11.674168, 51.966467
11.674254, 51.966306
11.67474, 51.965437
11.675426, 51.964267
11.67574, 51.96376
11.676341, 51.96283
11.679482, 51.958661
11.679957, 51.958062
11.683307, 51.953955
11.686538, 51.949969
11.68871, 51.947298
11.690122, 51.945512
11.691292, 51.943963
11.692644, 51.942059
11.693738, 51.94038
11.694054, 51.939821
11.694871, 51.93842
11.695674, 51.936859
11.696644, 51.934723
11.697171, 51.933439
11.697635, 51.932078
11.698311, 51.929804
11.698681, 51.928255
11.698971, 51.92669
11.699205, 51.925058
11.699357, 51.923379
11.699442, 51.92139
11.69934, 51.918676
11.699163, 51.917009
11.698634, 51.913908
11.697995, 51.911405
11.697072, 51.908779
11.696193, 51.906658
11.695173, 51.904551
11.693944, 51.902376
11.693031, 51.900922
11.692426, 51.899989
11.691324, 51.898333
11.690255, 51.896722
11.690068, 51.896467
11.68986, 51.896169
11.689036, 51.894816
11.688329, 51.893648
11.687438, 51.891749
11.686996, 51.890625
11.686621, 51.889369
11.686189, 51.887297
11.686021, 51.885367
11.686033, 51.884077
11.686106, 51.883112
11.686295, 51.881837
11.686578, 51.880556
11.687253, 51.878518
11.687791, 51.877276
11.688388, 51.876096
11.689094, 51.874847
11.689917, 51.873486
11.691501, 51.870947
11.692118, 51.86982
11.692272, 51.869542
11.692827, 51.868404
11.693094, 51.867735
11.693365, 51.866915
11.693558, 51.866052
11.693592, 51.865903
11.693705, 51.865206
11.693783, 51.864062
11.693747, 51.862833
11.693685, 51.86231
11.693575, 51.861648
11.693386, 51.86086
11.693141, 51.860094
11.69286, 51.859347
11.692724, 51.859037
11.692555, 51.858712
11.692095, 51.857819
11.691814, 51.857364
11.691517, 51.856924
11.690953, 51.856178
11.690337, 51.855419
11.689458, 51.854445
11.688628, 51.853617
11.686216, 51.851412
11.684765, 51.850122
11.682529, 51.848115
11.681437, 51.847143
11.680319, 51.846142
11.678399, 51.844345
11.677538, 51.843429
11.676762, 51.842526
11.676026, 51.841499
11.67532, 51.840343
11.674679, 51.838959
11.674198, 51.837566
11.673847, 51.835556
11.673819, 51.834445
11.673904, 51.833154
11.674329, 51.831227
11.674574, 51.830517
11.674888, 51.829748
11.675496, 51.828515
11.676008, 51.827601
11.676458, 51.826851
11.676959, 51.826045
11.677686, 51.824856
11.677988, 51.824338
11.680087, 51.820918
11.681799, 51.818067
11.682768, 51.81626
11.683226, 51.815315
11.683608, 51.814353
11.683993, 51.81315
11.684273, 51.811947
11.684402, 51.811318
11.684446, 51.811039
11.684511, 51.810608
11.684542, 51.810177
11.684578, 51.80984
11.684624, 51.809489
11.684653, 51.809163
11.684667, 51.808834
11.684682, 51.80815
11.684665, 51.807431
11.68459, 51.806602
11.684535, 51.806103
11.68446, 51.805602
11.684355, 51.805016
11.684244, 51.804524
11.684205, 51.804273
11.684116, 51.803936
11.683896, 51.803189
11.683564, 51.802221
11.683314, 51.801572
11.682874, 51.800555
11.682353, 51.799464
11.68203, 51.798789
11.681656, 51.798066
11.681189, 51.797192
11.680644, 51.796171
11.680472, 51.795823
11.679943, 51.794839
11.67973, 51.794414
11.679315, 51.793616
11.678941, 51.793002
11.678203, 51.791732
11.677188, 51.789909
11.6771, 51.789746
11.676953, 51.789482
11.676856, 51.789308
11.676557, 51.788749
11.676161, 51.788041
11.675314, 51.786508
11.674974, 51.785893
11.674037, 51.784156
11.673663, 51.783437
11.673326, 51.78277
11.672912, 51.781883
11.672363, 51.780587
11.671828, 51.779057
11.671482, 51.77771
11.67136, 51.777071
11.671237, 51.776268
11.67116, 51.775618
11.671105, 51.77448
11.671132, 51.773208
11.671239, 51.771572
11.671399, 51.7702
11.671712, 51.767894
11.671894, 51.766499
11.671992, 51.765636
11.672053, 51.764993
11.672098, 51.764346
11.672131, 51.763535
11.67211, 51.761807
11.671938, 51.760353
11.671755, 51.759382
11.671531, 51.758412
11.671378, 51.757886
11.671131, 51.757129
11.671046, 51.756851
11.670952, 51.756571
11.670809, 51.756196
11.670308, 51.75491
11.666756, 51.746604
11.666696, 51.746426
11.666299, 51.745363
11.665972, 51.744232
11.6658, 51.74343
11.665691, 51.742618
11.665638, 51.741798
11.66565, 51.740927
11.665761, 51.739794
11.665957, 51.73883
11.666322, 51.737637
11.666595, 51.73691
11.666908, 51.736245
11.667552, 51.735077
11.668379, 51.733871
11.669158, 51.732909
11.669922, 51.732081
11.670835, 51.731211
11.671525, 51.730614
11.672957, 51.729561
11.673492, 51.729205
11.673786, 51.729004
11.674247, 51.728696
11.674853, 51.728327
11.675827, 51.727785
11.677548, 51.726939
11.6777, 51.726864
11.67865, 51.726432
11.679494, 51.726096
11.68059, 51.725705
11.682061, 51.725215
11.683002, 51.72493
11.683951, 51.724645
11.687461, 51.723582
11.688047, 51.723407
11.690127, 51.722783
11.693514, 51.721767
11.697476, 51.720554
11.697864, 51.720437
11.698013, 51.720392
11.699351, 51.719986
11.701782, 51.71924
11.704054, 51.718546
11.705767, 51.718013
11.706912, 51.717634
11.707831, 51.717309
11.708875, 51.716916
11.709585, 51.716628
11.71093, 51.716016
11.711755, 51.715608
11.712416, 51.715255
11.713303, 51.714751
11.714217, 51.714179
11.714638, 51.713901
11.715661, 51.713166
11.716235, 51.712699
11.716756, 51.712262
11.71769, 51.711408
11.719232, 51.709781
11.720566, 51.708273
11.721749, 51.706932
11.722691, 51.705873
11.725124, 51.703119
11.726347, 51.70174
11.727825, 51.700145
11.729208, 51.698762
11.731274, 51.696958
11.732322, 51.696136
11.733523, 51.695275
11.734788, 51.694445
11.735659, 51.693907
11.73727, 51.692996
11.738889, 51.692173
11.741175, 51.691124
11.743138, 51.690338
11.745177, 51.689612
11.74689, 51.689068
11.748771, 51.688532
11.751183, 51.687915
11.753396, 51.687387
11.756098, 51.686777
11.758958, 51.68613
11.760918, 51.685688
11.763373, 51.685128
11.765328, 51.684666
11.767115, 51.684223
11.767861, 51.684026
11.768408, 51.683883
11.769742, 51.683518
11.770542, 51.683308
11.772316, 51.682791
11.774646, 51.682051
11.775157, 51.681881
11.776502, 51.681426
11.776834, 51.681308
11.778975, 51.680522
11.780006, 51.680116
11.782458, 51.679099
11.784511, 51.678186
11.785969, 51.677509
11.787876, 51.676581
11.789023, 51.676006
11.791671, 51.674621
11.792584, 51.674116
11.794381, 51.673109
11.795826, 51.672262
11.797748, 51.671094
11.799404, 51.670047
11.800922, 51.66906
11.802727, 51.667862
11.805519, 51.665959
11.807088, 51.664876
11.807588, 51.66453
11.807852, 51.664347
11.808887, 51.663633
11.813665, 51.660303
11.816184, 51.658531
11.817806, 51.65743
11.819731, 51.656096
11.823501, 51.653468
11.825725, 51.651929
11.826003, 51.651751
11.828027, 51.650358
11.830001, 51.648973
11.831919, 51.647645
11.833672, 51.646445
11.835451, 51.645285
11.837107, 51.644263
11.838067, 51.643709
11.840002, 51.642637
11.841065, 51.642079
11.842415, 51.641392
11.843755, 51.640732
11.845659, 51.639803
11.847583, 51.638855
11.849435, 51.637917
11.850614, 51.637283
11.85203, 51.636493
11.852902, 51.635972
11.854006, 51.635286
11.854785, 51.634781
11.855555, 51.634251
11.85614, 51.633848
11.856338, 51.633697
11.857297, 51.632987
11.858259, 51.632221
11.859352, 51.631321
11.859817, 51.630886
11.860494, 51.63028
11.861257, 51.629532
11.862028, 51.628753
11.862261, 51.628522
11.862301, 51.628478
11.863024, 51.627718
11.86371, 51.626938
11.86444, 51.626028
11.865175, 51.62507
11.865887, 51.624041
11.866537, 51.62301
11.866911, 51.622386
11.867283, 51.621705
11.868073, 51.620161
11.8686, 51.618961
11.868994, 51.617912
11.869345, 51.616784
11.869549, 51.616053
11.869746, 51.615258
11.870001, 51.61393
11.870184, 51.612609
11.870288, 51.610666
11.870309, 51.608869
11.870274, 51.607351
11.870239, 51.60578
11.870252, 51.604709
11.870297, 51.603588
11.870309, 51.603165
11.870318, 51.603011
11.870325, 51.60293
11.870418, 51.602012
11.870545, 51.601126
11.870622, 51.60063
11.870726, 51.600086
11.870838, 51.599576
11.870986, 51.599055
11.871148, 51.598564
11.871459, 51.597616
11.871785, 51.596758
11.872106, 51.596023
11.872626, 51.594931
11.87318, 51.593859
11.874007, 51.592508
11.87486, 51.591225
11.875747, 51.590026
11.876444, 51.589179
11.877223, 51.588251
11.878325, 51.587065
11.879813, 51.585634
11.880714, 51.584807
11.881605, 51.584066
11.882487, 51.583352
11.883174, 51.582812
11.883875, 51.582287
11.885429, 51.581224
11.886455, 51.580561
11.887618, 51.579836
11.88922, 51.578886
11.890473, 51.578226
11.891719, 51.577561
11.892208, 51.577343
11.893496, 51.576729
11.895035, 51.576049
11.896662, 51.575385
11.89763, 51.57501
11.898297, 51.574762
11.899439, 51.574342
11.900469, 51.573998
11.902046, 51.573482
11.904014, 51.572909
11.906589, 51.572226
11.90697, 51.572135
11.908134, 51.571865
11.910465, 51.571373
11.911413, 51.571192
11.912675, 51.570959
11.913623, 51.570798
11.915307, 51.570521
11.916565, 51.570347
11.91761, 51.570207
11.91912, 51.570016
11.921744, 51.569737
11.924308, 51.569508
11.925852, 51.569397
11.92705, 51.569323
11.928857, 51.569224
11.930479, 51.569143
11.931786, 51.569091
11.93351, 51.569038
11.93514, 51.569001
11.936699, 51.568975
11.93825, 51.56896
11.940849, 51.568951
11.94161, 51.568955
11.943563, 51.568965
11.94536, 51.568988
11.949241, 51.569056
11.954457, 51.569176
11.957071, 51.569237
11.958566, 51.569273
11.960377, 51.569328
11.961593, 51.569361
11.962819, 51.569384
11.963947, 51.569414
11.965578, 51.56946
11.967204, 51.5695
11.968971, 51.569531
11.969618, 51.569531
11.970689, 51.569528
11.971517, 51.569503
11.973561, 51.569413
11.974895, 51.569316
11.976712, 51.569142
11.978411, 51.568931
11.980026, 51.568685
11.981285, 51.568462
11.98305, 51.568101
11.984877, 51.567678
11.986128, 51.567347
11.988329, 51.566685
11.989704, 51.566207
11.991035, 51.565711
11.991371, 51.565581
11.992545, 51.565086
11.993845, 51.564504
11.994912, 51.563982
11.996275, 51.563273
11.996934, 51.5629
11.997681, 51.562473
11.998622, 51.561879
11.999333, 51.561401
11.999631, 51.561197
12.000456, 51.5606
12.000712, 51.560411
12.001326, 51.559939
12.001986, 51.559387
12.00276, 51.558729
12.003549, 51.557983
12.004656, 51.55684
12.005273, 51.556139
12.005922, 51.555341
12.006877, 51.554024
12.007452, 51.553085
12.007952, 51.55221
12.008338, 51.551424
12.008963, 51.55005
12.010441, 51.546632
12.011174, 51.544938
12.011919, 51.543226
12.012712, 51.541377
12.012938, 51.540852
12.012983, 51.540754
12.013869, 51.538694
12.014571, 51.537068
12.014775, 51.536621
12.015872, 51.534071
12.01645, 51.53279
12.017083, 51.531509
12.017245, 51.53117
12.018329, 51.529292
12.019363, 51.527774
12.021189, 51.525508
12.022797, 51.523812
12.023854, 51.522799
12.024953, 51.521846
12.029043, 51.5184
12.032612, 51.515425
12.036188, 51.512483
12.037098, 51.511708
12.03822, 51.510758
12.038325, 51.510671
12.038874, 51.510198
12.040879, 51.508542
12.041151, 51.508318
12.042251, 51.507396
12.043473, 51.506383
12.044156, 51.505816
12.04507, 51.505053
12.047287, 51.503213
12.047717, 51.502853
12.048155, 51.502478
12.049065, 51.501722
12.050231, 51.500762
12.050695, 51.500366
12.050979, 51.500122
12.05124, 51.499906
12.051402, 51.49977
12.053331, 51.498169
12.054208, 51.497442
12.054998, 51.496773
12.055299, 51.496548
12.056421, 51.495669
12.057568, 51.494784
12.058208, 51.494281
12.058835, 51.493767
12.06811, 51.486028
12.073675, 51.481386
12.075062, 51.480223
12.076953, 51.478637
12.079271, 51.476719
12.08061, 51.475602
12.083545, 51.473155
12.086331, 51.470799
12.086752, 51.470449
12.089553, 51.468126
12.091093, 51.466844
12.092644, 51.465582
12.094211, 51.464388
12.095847, 51.463223
12.097555, 51.46208
12.098637, 51.461392
12.1001, 51.460494
12.100863, 51.460056
12.101609, 51.459628
12.102381, 51.459201
12.102766, 51.458989
12.103352, 51.458673
12.103944, 51.458364
12.104753, 51.45795
12.10617, 51.457252
12.107109, 51.456794
12.109718, 51.45561
12.111905, 51.454621
12.113257, 51.454011
12.114984, 51.453221
12.11828, 51.451736
12.12074, 51.450612
12.12304, 51.449577
12.125124, 51.448628
12.129116, 51.446825
12.132643, 51.445224
12.137026, 51.443239
12.138948, 51.442391
12.140769, 51.441567
12.141458, 51.441256
12.143806, 51.440188
12.144944, 51.439675
12.145988, 51.439201
12.147269, 51.438615
12.148986, 51.437848
12.149777, 51.437509
12.150909, 51.437038
12.152165, 51.43655
12.15351, 51.436071
12.154897, 51.435622
12.156297, 51.435204
12.157708, 51.434824
12.159232, 51.434454
12.159968, 51.434291
12.160869, 51.434104
12.163353, 51.433647
12.164599, 51.433447
12.172838, 51.432119
12.176831, 51.431475
12.179013, 51.431119
12.181001, 51.430799
12.182007, 51.430637
12.183235, 51.430439
12.184744, 51.430195
12.187001, 51.429846
12.187132, 51.429744
12.187607, 51.429647
12.18789, 51.429595
12.188556, 51.429469
12.189105, 51.429394
12.189836, 51.429287
12.190392, 51.429207
12.191492, 51.429047
12.191602, 51.428988
12.19212, 51.428899
12.192315, 51.428852
12.192669, 51.428755
12.192925, 51.428672
12.193435, 51.428439
12.193878, 51.428155
12.194234, 51.42782
12.194419, 51.427607
12.194645, 51.427297
12.195188, 51.426616
12.195264, 51.426538
12.195747, 51.425826
12.195841, 51.425643
12.195886, 51.42553
12.19592, 51.425444
12.195989, 51.425127
12.196004, 51.424901
12.195986, 51.424647
12.1959, 51.424289
12.195601, 51.423711
12.195655, 51.423509
12.194645, 51.421795
12.193335, 51.419524
12.192923, 51.418809
12.190988, 51.415448
12.187903, 51.41009
12.187033, 51.408577
12.186258, 51.40724
12.185929, 51.40667
12.18367, 51.402779
12.182894, 51.401393
12.182229, 51.400227
12.181825, 51.399493
12.181472, 51.398753
12.181108, 51.397853
12.180938, 51.397312
12.180773, 51.396728
12.180593, 51.395873
12.18053, 51.395396
12.180465, 51.394696
12.180444, 51.393748
12.180488, 51.392914
12.180579, 51.392156
12.180718, 51.391431
12.180859, 51.390855
12.181033, 51.390303
12.181109, 51.390029
12.18233, 51.386247
12.182969, 51.384302
12.183528, 51.382565
12.183686, 51.382055
12.184223, 51.380437
12.184755, 51.378783
12.18513, 51.377591
12.185873, 51.375313
12.186712, 51.37269
12.18686, 51.372243
12.187365, 51.370667
12.1879, 51.369022
12.187984, 51.368765
12.188742, 51.366434
12.188973, 51.365608
12.189158, 51.364698
12.189272, 51.363859
12.189321, 51.362976
12.189269, 51.361759
12.189144, 51.36084
12.189063, 51.36045
12.18877, 51.359105
12.187937, 51.354555
12.18791, 51.354373
12.187743, 51.353482
12.187701, 51.353339
12.187353, 51.351468
12.187041, 51.349793
12.186746, 51.348298
12.186661, 51.347879
12.186549, 51.347452
12.18632, 51.346683
12.185952, 51.34573
12.185438, 51.344675
12.184854, 51.343695
12.183722, 51.34205
12.183548, 51.341797
12.183416, 51.341609
12.182656, 51.340516
12.182603, 51.340437
12.180792, 51.337837
12.178918, 51.335142
12.177222, 51.332708
12.175529, 51.330262
12.174578, 51.32901
12.173543, 51.327817
12.173209, 51.327442
12.171738, 51.325792
12.16922, 51.323016
12.167756, 51.321391
12.167423, 51.321005
12.167302, 51.320874
12.167131, 51.320682
12.163613, 51.316772
12.161181, 51.314048
12.158638, 51.311211
12.155774, 51.30803
12.152954, 51.304844
12.15258, 51.304433
12.151885, 51.303706
12.151663, 51.303459
12.149689, 51.301459
12.147495, 51.299645
12.145429, 51.297953
12.142868, 51.295912
12.13944, 51.293072
12.137596, 51.291577
12.137242, 51.291292
12.136575, 51.290744
12.134837, 51.28934
12.133648, 51.288369
12.133191, 51.288011
12.132462, 51.287466
12.131737, 51.286958
12.13092, 51.286428
12.127818, 51.284445
12.126535, 51.283623
12.125774, 51.283123
12.123593, 51.281735
12.122675, 51.281144
12.119606, 51.279187
12.118788, 51.278626
12.117646, 51.277751
12.117432, 51.277574
12.11702, 51.277262
12.115224, 51.275836
12.113806, 51.274704
12.11278, 51.273907
12.111575, 51.273086
12.11071, 51.272551
12.109761, 51.272015
12.107843, 51.270928
12.104961, 51.269314
12.103223, 51.268346
12.095543, 51.264033
12.09093, 51.261449
12.088242, 51.259946
12.085551, 51.25843
12.081858, 51.256366
12.081407, 51.256117
12.078985, 51.254757
12.077418, 51.253825
12.075798, 51.252773
12.074656, 51.251985
12.073821, 51.251372
12.072931, 51.250695
12.072116, 51.250028
12.07168, 51.24968
12.071053, 51.249131
12.07027, 51.248424
12.069567, 51.247751
12.069009, 51.247202
12.066275, 51.244437
12.065718, 51.243876
12.064717, 51.242841
12.064174, 51.242275
12.059061, 51.237144
12.057272, 51.235297
12.05596, 51.23399
12.055447, 51.233478
12.054449, 51.232445
12.050697, 51.228689
12.050402, 51.228371
12.049768, 51.227711
12.048205, 51.226142
12.046936, 51.224868
12.046679, 51.224609
12.046347, 51.224276
12.04605, 51.22399
12.045927, 51.223865
12.045673, 51.223606
12.040033, 51.21785
12.036647, 51.214455
12.035071, 51.213048
12.034102, 51.212246
12.032204, 51.210712
12.029701, 51.208678
12.029074, 51.208161
12.02788, 51.207199
12.027425, 51.20683
12.027162, 51.206612
12.026405, 51.206004
12.022376, 51.202774
12.021346, 51.201911
12.020261, 51.200931
12.01941, 51.200063
12.018264, 51.198865
12.017452, 51.197786
12.016694, 51.196833
12.01666, 51.196779
12.009776, 51.18675
12.009491, 51.18636
12.007133, 51.182912
12.006674, 51.182239
12.005963, 51.181196
12.004139, 51.178556
12.003305, 51.177347
12.002965, 51.176855
12.000434, 51.173148
11.999842, 51.172285
11.998721, 51.170841
11.998388, 51.170414
11.994722, 51.166278
11.982412, 51.152298
11.982026, 51.151863
11.979763, 51.14931
11.9794, 51.1489
11.972924, 51.141555
11.968167, 51.136111
11.964482, 51.131887
11.964158, 51.131523
11.960971, 51.127907
11.960184, 51.126946
11.959281, 51.12575
11.958139, 51.123889
11.95762, 51.122902
11.957056, 51.121611
11.956631, 51.120464
11.956343, 51.119483
11.956098, 51.118488
11.955898, 51.11719
11.955793, 51.116186
11.955786, 51.115716
11.95575, 51.114618
11.955771, 51.112418
11.955771, 51.112208
11.955765, 51.110801
11.955759, 51.110421
11.955754, 51.110309
11.955753, 51.11012
11.955686, 51.102677
11.955648, 51.100242
11.955614, 51.096465
11.955605, 51.095691
11.955594, 51.094916
11.955582, 51.094072
11.955568, 51.092884
11.955544, 51.090752
11.95553, 51.089507
11.955513, 51.088398
11.955456, 51.08462
11.955453, 51.084457
11.955425, 51.081206
11.955423, 51.081042
11.955314, 51.074894
11.955199, 51.072807
11.95474, 51.070469
11.954119, 51.068296
11.953701, 51.067056
11.953115, 51.065826
11.952976, 51.065547
11.951694, 51.063111
11.949365, 51.059487
11.947172, 51.056043
11.947043, 51.055825
11.944163, 51.051555
11.943326, 51.050228
11.943009, 51.049732
11.942246, 51.048316
11.941762, 51.047029
11.941577, 51.046392
11.941445, 51.045678
11.941383, 51.045136
11.94118, 51.042985
11.941093, 51.041628
11.94101, 51.040759
11.940982, 51.040398
11.940937, 51.039806
11.940893, 51.039266
11.940814, 51.038418
11.940741, 51.03791
11.940588, 51.037149
11.940232, 51.035939
11.940001, 51.035348
11.939456, 51.034239
11.936967, 51.030188
11.936526, 51.029483
11.93498, 51.026922
11.934242, 51.025657
11.933527, 51.024429
11.93148, 51.021113
11.930743, 51.019913
11.928962, 51.016933
11.928581, 51.016295
11.928382, 51.015984
11.927507, 51.014566
11.927203, 51.014075
11.926386, 51.012754
11.924774, 51.010155
11.9241, 51.00906
11.922031, 51.005714
11.92188, 51.005473
11.921386, 51.004712
11.920685, 51.003632
11.918553, 51.000186
11.91772, 50.998838
11.916647, 50.99716
11.915967, 50.996047
11.915647, 50.995523
11.914841, 50.994372
11.913727, 50.993022
11.912799, 50.992114
11.91182, 50.991262
11.910135, 50.990014
11.909867, 50.989834
11.908236, 50.988785
11.905894, 50.987609
11.903628, 50.986673
11.902871, 50.986423
11.901376, 50.985936
11.900428, 50.985688
11.8999, 50.985551
11.896718, 50.984743
11.890254, 50.983109
11.888371, 50.982631
11.882655, 50.981182
11.878932, 50.98024
11.878492, 50.980131
11.875915, 50.979475
11.875329, 50.979323
11.871469, 50.978354
11.870705, 50.97815
11.87062, 50.978125
11.870212, 50.978005
11.869685, 50.977831
11.869026, 50.977587
11.868421, 50.977336
11.867897, 50.977093
11.867531, 50.976912
11.867171, 50.976716
11.866887, 50.976557
11.866436, 50.976284
11.865917, 50.975943
11.865422, 50.975567
11.865014, 50.975224
11.864815, 50.975055
11.864435, 50.974687
11.864045, 50.974267
11.863776, 50.973944
11.863473, 50.973533
11.863185, 50.973081
11.86293, 50.972616
11.862569, 50.971828
11.862519, 50.971727
11.862222, 50.971096
11.862019, 50.970647
11.861864, 50.970319
11.861389, 50.969282
11.860877, 50.968177
11.860738, 50.967866
11.860401, 50.967109
11.860074, 50.966456
11.859931, 50.966213
11.859756, 50.965933
11.859548, 50.965632
11.859206, 50.965203
11.858753, 50.964711
11.858255, 50.964239
11.857798, 50.963859
11.857047, 50.963318
11.856442, 50.962937
11.856023, 50.962703
11.85533, 50.962349
11.852653, 50.961231
11.850968, 50.960545
11.850028, 50.960159
11.848419, 50.959505
11.848223, 50.959425
11.847868, 50.959281
11.845476, 50.958309
11.845046, 50.95813
11.84471, 50.957989
11.8436, 50.957542
11.842837, 50.957217
11.842493, 50.957062
11.842171, 50.956902
11.841851, 50.956742
11.841501, 50.956555
11.840988, 50.956251
11.840549, 50.955971
11.840348, 50.955823
11.840205, 50.955718
11.83989, 50.955492
11.839441, 50.95512
11.839209, 50.95493
11.837887, 50.953509
11.836272, 50.951188
11.834669, 50.948877
11.834351, 50.948313
11.834011, 50.947497
11.833804, 50.94677
11.833783, 50.946606
11.833705, 50.946044
11.83373, 50.945396
11.833864, 50.944514
11.834404, 50.942155
11.835363, 50.938039
11.835417, 50.937801
11.835499, 50.93748
11.836156, 50.934898
11.836537, 50.933597
11.837774, 50.929327
11.839145, 50.924596
11.839753, 50.922486
11.840001, 50.92132
11.840012, 50.921251
11.840187, 50.920165
11.84073, 50.916786
11.840923, 50.915609
11.840991, 50.915155
11.841196, 50.913521
11.841266, 50.912849
11.841551, 50.91092
11.841586, 50.910682
11.84179, 50.909356
11.842103, 50.907375
11.842145, 50.90712
11.842272, 50.906342
11.842975, 50.901832
11.843467, 50.898656
11.843593, 50.897819
11.843601, 50.897756
11.84362, 50.897638
11.844073, 50.895138
11.844176, 50.894599
11.844398, 50.893445
11.844728, 50.891663
11.844844, 50.890948
11.844915, 50.890488
11.844979, 50.890096
11.845201, 50.888738
11.845297, 50.888087
11.845466, 50.886972
11.845536, 50.886511
11.84565, 50.885845
11.845725, 50.885388
11.845821, 50.8848
11.845717, 50.884451
11.845785, 50.883409
11.84581, 50.88321
11.845829, 50.883054
11.845855, 50.882904
11.845932, 50.882589
11.845994, 50.882367
11.846076, 50.882106
11.84613, 50.881894
11.846193, 50.881648
11.846252, 50.881313
11.846273, 50.881062
11.846311, 50.880813
11.846427, 50.880042
11.846462, 50.879818
11.846526, 50.879406
11.846456, 50.879261
11.846392, 50.87918
11.846328, 50.879106
11.846225, 50.879031
11.845997, 50.878938
11.845863, 50.878907
11.845715, 50.878887
11.845554, 50.878885
11.84537, 50.878899
11.845206, 50.878933
11.845067, 50.878985
11.844963, 50.879043
11.844872, 50.879107
11.844785, 50.879187
11.844723, 50.879283
11.844693, 50.879382
11.844683, 50.879473
11.844696, 50.879581
11.844742, 50.879676
11.844809, 50.879758
11.844906, 50.87985
11.845008, 50.879913
11.845119, 50.879966
11.845236, 50.88001
11.845777, 50.880072
11.846314, 50.880137
11.846965, 50.88021
11.848128, 50.880345
11.848395, 50.880388
11.849545, 50.880523
11.849751, 50.880547
11.853194, 50.880949
11.853652, 50.880988
11.854769, 50.881117
11.855523, 50.881221
11.856071, 50.881299
11.856369, 50.881346
11.85661, 50.881393
11.857125, 50.881541
11.859537, 50.882033
11.860189, 50.882172
11.860599, 50.88228
11.861081, 50.882425
11.861367, 50.882514
11.861819, 50.88267
11.862113, 50.882778
11.862629, 50.882975
11.863159, 50.883194
11.864017, 50.883587
11.864978, 50.884068
11.866037, 50.884632
11.868739, 50.886068
11.868992, 50.886203
11.869331, 50.886393
11.870693, 50.887128
11.874132, 50.888981
11.875151, 50.88953
11.875416, 50.889668
11.875706, 50.889825
11.876534, 50.890271
11.877345, 50.890679
11.878213, 50.891096
11.87875, 50.891332
11.879262, 50.891532
11.87982, 50.891753
11.880755, 50.892077
11.881619, 50.892343
11.882453, 50.892572
11.882946, 50.892691
11.884302, 50.892983
11.886339, 50.893296
11.887795, 50.89344
11.889295, 50.893519
11.891117, 50.893524
11.89372, 50.893387
11.900514, 50.893029
11.900903, 50.89301
11.907925, 50.892615
11.911843, 50.892394
11.913999, 50.892184
11.914707, 50.892072
11.916228, 50.891831
11.921293, 50.890995
11.924816, 50.890433
11.928532, 50.889846
11.930765, 50.889492
11.932065, 50.889323
11.933378, 50.889177
11.934647, 50.889065
11.936127, 50.888951
11.937796, 50.888859
11.939504, 50.888822
11.94197, 50.888843
11.94226, 50.888856
11.944849, 50.888987
11.946769, 50.889153
11.948202, 50.88931
11.948804, 50.889395
11.95018, 50.889594
11.951747, 50.889857
11.954074, 50.890329
11.95536, 50.890632
11.955633, 50.890698
11.957351, 50.89117
11.958934, 50.891645
11.9612, 50.892378
11.962465, 50.892824
11.963691, 50.893256
11.964205, 50.893442
11.966637, 50.894296
11.968806, 50.895061
11.969143, 50.89518
11.97111, 50.895868
11.971579, 50.896019
11.97208, 50.896172
11.972556, 50.896306
11.973064, 50.896443
11.973841, 50.896624
11.974398, 50.896742
11.974925, 50.896843
11.975455, 50.896934
11.976629, 50.897111
11.977519, 50.89722
11.979537, 50.897473
11.981336, 50.897688
11.981723, 50.897737
11.982496, 50.897826
11.983444, 50.897936
11.984477, 50.898063
11.985039, 50.898136
11.985872, 50.898245
11.986578, 50.898342
11.987275, 50.898448
11.987953, 50.89857
11.98869, 50.898728
11.989314, 50.898877
11.989647, 50.898967
11.991518, 50.899505
11.995061, 50.900617
11.999919, 50.902141
12.001781, 50.902547
12.002292, 50.902644
12.00439, 50.903053
12.008538, 50.903853
12.012306, 50.904612
12.01261, 50.904675
12.013155, 50.904785
12.013947, 50.904927
12.014883, 50.905101
12.016056, 50.90529
12.017266, 50.905429
12.018244, 50.905532
12.019541, 50.905628
12.020447, 50.905681
12.021196, 50.905707
12.022536, 50.905763
12.023541, 50.905806
12.024794, 50.905851
12.026043, 50.905903
12.02691, 50.905947
12.027072, 50.905955
12.02805, 50.906003
12.029172, 50.906057
12.030006, 50.906097
12.030483, 50.906121
12.030848, 50.90614
12.031836, 50.906193
12.032711, 50.906242
12.03424, 50.906325
12.035314, 50.906385
12.035771, 50.906404
12.037243, 50.906483
12.038166, 50.906529
12.039006, 50.906569
12.040723, 50.90665
12.04171, 50.906693
12.042523, 50.906725
12.043833, 50.906786
12.046303, 50.906901
12.046733, 50.906923
12.048193, 50.906995
12.048243, 50.906999
12.049695, 50.907106
12.052219, 50.907395
12.054438, 50.907654
12.056859, 50.907924
12.057648, 50.908012
12.058438, 50.908102
12.061796, 50.908492
12.061838, 50.908498
12.064179, 50.90881
12.065131, 50.908937
12.065541, 50.908988
12.066408, 50.909113
12.066776, 50.909167
12.069417, 50.909554
12.070896, 50.909766
12.071463, 50.909849
12.071989, 50.909926
12.072823, 50.910045
12.074638, 50.910314
12.075498, 50.910443
12.076359, 50.910569
12.077164, 50.910684
12.07798, 50.910804
12.078777, 50.910917
12.07972, 50.911062
12.080835, 50.911215
12.081803, 50.911351
12.082764, 50.91149
12.083945, 50.911644
12.085302, 50.911778
12.086983, 50.911884
12.088422, 50.911934
12.089808, 50.911918
12.091013, 50.911877
12.092145, 50.911808
12.092754, 50.911756
12.092972, 50.911734
12.093271, 50.911698
12.093794, 50.911637
12.094151, 50.9116
12.095065, 50.911493
12.097096, 50.911147
12.097301, 50.911109
12.097841, 50.911007
12.098388, 50.910899
12.098929, 50.910796
12.09907, 50.91077
12.099395, 50.910709
12.099872, 50.910616
12.100365, 50.910527
12.101023, 50.910395
12.101778, 50.910249
12.102406, 50.91012
12.103051, 50.909997
12.103712, 50.909867
12.104354, 50.909742
12.104917, 50.909633
12.105478, 50.909516
12.106258, 50.909368
12.106834, 50.909247
12.107293, 50.909165
12.108898, 50.908853
12.113064, 50.908033
12.114835, 50.907628
12.116502, 50.907164
12.117549, 50.906835
12.118123, 50.906635
12.118977, 50.906322
12.120134, 50.905828
12.1213, 50.905332
12.123021, 50.904486
12.124671, 50.903681
12.126442, 50.902812
12.1297, 50.901214
12.130376, 50.900886
12.132695, 50.899757
12.133272, 50.899454
12.133768, 50.899189
12.13443, 50.898818
12.134714, 50.898653
12.135517, 50.898131
12.135693, 50.898014
12.136705, 50.897261
12.137764, 50.896396
12.138042, 50.896179
12.138267, 50.896004
12.140245, 50.894409
12.144552, 50.89094
12.149114, 50.887263
12.150239, 50.886337
12.150675, 50.886006
12.151275, 50.885522
12.152034, 50.884906
12.152457, 50.884571
12.153042, 50.884096
12.153759, 50.883515
12.155476, 50.882171
12.156518, 50.881438
12.157472, 50.880823
12.15794, 50.880558
12.158336, 50.880334
12.15987, 50.879545
12.16124, 50.878943
12.162834, 50.878332
12.163658, 50.878053
12.164398, 50.877797
12.166371, 50.877237
12.16789, 50.876894
12.169251, 50.876646
12.170643, 50.876447
12.170987, 50.876398
12.173188, 50.876162
12.17762, 50.875749
12.184243, 50.875129
12.185071, 50.875051
12.1864, 50.874927
12.186775, 50.874891
12.191854, 50.874419
12.198561, 50.873812
12.205875, 50.873117
12.20945, 50.872785
12.211804, 50.872567
12.212323, 50.872515
12.213103, 50.87244
12.216504, 50.872112
12.217412, 50.872037
12.218143, 50.871984
12.219103, 50.871906
12.220023, 50.87185
12.221455, 50.871763
12.222072, 50.871735
12.223002, 50.87169
12.224447, 50.871623
12.225403, 50.871572
12.227476, 50.871472
12.228674, 50.871404
12.231322, 50.87128
12.23379, 50.871153
12.233923, 50.871148
12.236907, 50.870994
12.239673, 50.870853
12.241047, 50.870788
12.24259, 50.870716
12.244929, 50.870601
12.245357, 50.870577
12.247108, 50.870476
12.248131, 50.870402
12.248912, 50.870346
12.250926, 50.870202
12.252282, 50.870096
12.255341, 50.869817
12.256547, 50.869707
12.256861, 50.869669
12.258563, 50.869445
12.259026, 50.869384
12.260074, 50.869198
12.261527, 50.868937
12.262634, 50.868677
12.263349, 50.868517
12.264548, 50.868211
12.265935, 50.867823
12.266886, 50.867564
12.268462, 50.867102
12.269679, 50.866771
12.27083, 50.866463
12.272285, 50.866098
12.273211, 50.865883
12.274692, 50.865568
12.275045, 50.865497
12.275322, 50.86544
12.276851, 50.865148
12.278346, 50.864881
12.279807, 50.864606
12.281748, 50.864243
12.282745, 50.864066
12.285424, 50.863578
12.286401, 50.863397
12.287375, 50.863228
12.288473, 50.863046
12.290093, 50.862778
12.29582, 50.861997
12.298551, 50.86158
12.301347, 50.861078
12.302497, 50.860832
12.302985, 50.860727
12.303261, 50.86067
12.305828, 50.860047
12.307704, 50.859548
12.308174, 50.859423
12.309542, 50.859005
12.310988, 50.858542
12.312509, 50.85805
12.314278, 50.857428
12.315642, 50.856946
12.318707, 50.855862
12.320658, 50.855197
12.32228, 50.85468
12.324979, 50.853905
12.327727, 50.853133
12.328448, 50.852904
12.329823, 50.852469
12.331376, 50.851924
12.332902, 50.851314
12.334049, 50.850807
12.334647, 50.850515
12.335319, 50.850187
12.335563, 50.850054
12.336444, 50.849549
12.337439, 50.848965
12.338534, 50.848308
12.339265, 50.847867
12.340955, 50.846902
12.342146, 50.846286
12.343106, 50.84582
12.344111, 50.845379
12.344832, 50.845087
12.345012, 50.845014
12.350364, 50.842854
12.356119, 50.840546
12.35937, 50.839242
12.361002, 50.838595
12.362657, 50.837959
12.362974, 50.837848
12.363666, 50.837604
12.364698, 50.837274
12.366691, 50.836716
12.368097, 50.836394
12.369546, 50.836111
12.371401, 50.835836
12.373285, 50.835633
12.38941, 50.834566
12.390726, 50.83448
12.397633, 50.834024
12.397858, 50.834009
12.400281, 50.833845
12.404595, 50.83356
12.406058, 50.833433
12.406903, 50.833336
12.407519, 50.833248
12.40891, 50.833028
12.410417, 50.832723
12.411612, 50.832435
12.412493, 50.832192
12.413367, 50.831927
12.414108, 50.831685
12.414831, 50.831429
12.416252, 50.830893
12.417822, 50.830255
12.419044, 50.829752
12.419386, 50.829604
12.422305, 50.8284
12.423534, 50.827926
12.424808, 50.827473
12.425649, 50.827194
12.426713, 50.826878
12.427698, 50.826605
12.428704, 50.826346
12.430157, 50.826037
12.430411, 50.825988
12.432932, 50.825525
12.434357, 50.825338
12.434824, 50.825291
12.436705, 50.825121
12.438021, 50.825028
12.439041, 50.824971
12.439844, 50.824927
12.442018, 50.824827
12.44229, 50.824752
12.442702, 50.824719
12.443367, 50.824647
12.443692, 50.824621
12.44427, 50.824585
12.445496, 50.82452
12.445728, 50.824475
12.445969, 50.824451
12.446186, 50.824397
12.446364, 50.824331
12.4465, 50.824242
12.446622, 50.824139
12.446726, 50.824
12.446832, 50.823843
12.446935, 50.823741
12.447053, 50.823622
12.447241, 50.823472
12.447537, 50.823211
12.44772, 50.823093
12.447879, 50.823022
12.448274, 50.822902
12.448592, 50.822814
12.448819, 50.82271
12.448934, 50.822611
12.449036, 50.822501
12.449098, 50.822367
12.449145, 50.822223
12.449217, 50.822076
12.449245, 50.821807
12.449292, 50.821126
12.449302, 50.820953
12.449335, 50.820812
12.449395, 50.820638
12.449414, 50.820278
12.449488, 50.820114
12.449502, 50.819502
12.449507, 50.818758
12.449521, 50.817838
12.449572, 50.8171
12.449617, 50.816658
12.449704, 50.816004
12.44988, 50.815166
12.450003, 50.81471
12.450385, 50.813616
12.450582, 50.813146
12.450847, 50.812555
12.45166, 50.811117
12.453187, 50.808733
12.453727, 50.807753
12.454106, 50.806923
12.454461, 50.805911
12.454792, 50.804744
12.454904, 50.804126
12.454984, 50.803552
12.455044, 50.802696
12.455032, 50.801772
12.454952, 50.800501
12.454926, 50.800161
12.45485, 50.798812
12.455037, 50.797195
12.455281, 50.79618
12.455633, 50.795204
12.456027, 50.79444
12.456481, 50.793714
12.45716, 50.792977
12.457894, 50.792379
12.458915, 50.791801
12.460279, 50.791221
12.461232, 50.790968
12.462091, 50.790797
12.463587, 50.790631
12.464518, 50.790619
12.465768, 50.790689
12.468704, 50.791136
12.469701, 50.791189
12.470537, 50.791161
12.472144, 50.790883
12.473162, 50.790567
12.474168, 50.790128
12.474548, 50.789887
12.474988, 50.789599
12.475347, 50.789308
12.47597, 50.788768
12.476765, 50.788172
12.477301, 50.787811
12.477576, 50.787667
12.478099, 50.787443
12.478968, 50.787143
12.479782, 50.786912
12.479972, 50.78687
12.480524, 50.786793
12.481144, 50.786725
12.483029, 50.786537
12.484711, 50.786363
12.485833, 50.786198
12.486997, 50.785859
12.487673, 50.785567
12.487902, 50.785349
12.488025, 50.785194
12.48813, 50.785007
12.488187, 50.784797
12.488199, 50.784566
12.488231, 50.784332
12.488238, 50.784173
12.488316, 50.783781
12.48834, 50.783663
12.488387, 50.783422
12.488624, 50.783434
12.488847, 50.783449
12.48893, 50.783456
12.489167, 50.783477
12.489664, 50.78354
12.490471, 50.783699
12.491075, 50.783881
12.491547, 50.784066
12.491992, 50.784283
12.492292, 50.784447
